Date,Volume,Adj Close(dividends and splits),30D avg price,30D annualised volatility,Annualised
2017-01-03,3770530000,2257.83,,,
2017-01-04,3764890000,2270.75,,,
2017-01-05,3761820000,2269.0,,,
2017-01-06,3339890000,2276.98,,,
2017-01-09,3217610000,2268.9,,,
2017-01-10,3638790000,2268.9,,,
2017-01-11,3620410000,2275.32,,,
2017-01-12,3462130000,2270.44,,,
2017-01-13,3081270000,2274.64,,,
2017-01-17,3584990000,2267.89,,,
2017-01-18,3315250000,2271.89,,,
2017-01-19,3165970000,2263.69,,,
2017-01-20,3524970000,2271.31,,,
2017-01-23,3152710000,2265.2,,,
2017-01-24,3810960000,2280.07,,,
2017-01-25,3846020000,2298.37,,,
2017-01-26,3610360000,2296.68,,,
2017-01-27,3135890000,2294.69,,,
2017-01-30,3591270000,2280.9,,,
2017-01-31,4087450000,2278.87,,,
2017-02-01,3916610000,2279.55,,,
2017-02-02,3807710000,2280.85,,,
2017-02-03,3597970000,2297.42,,,
2017-02-06,3109050000,2292.56,,,
2017-02-07,3448690000,2293.08,,,
2017-02-08,3609740000,2294.67,,,
2017-02-09,3677940000,2307.87,,,
2017-02-10,3475020000,2316.1,,,
2017-02-13,3349730000,2328.25,,,
2017-02-14,3520910000,2337.58,2284.341666666667,305.0475341251929,
2017-02-15,3775590000,2349.25,2287.3890000000006,348.045688124515,0.05768741194373192
2017-02-16,3672370000,2347.22,2289.9380000000006,384.89347933305095,0.0564756297113818
2017-02-17,3513060000,2351.16,2292.676666666667,418.26807599086743,0.05621210824673208
2017-02-21,3579780000,2365.38,2295.6233333333344,465.2689665722092,0.0575835984748829
2017-02-22,3468670000,2362.82,2298.7540000000013,496.9424231631965,0.056215115380451756
2017-02-23,4015260000,2363.81,2301.917666666668,522.8526678757863,0.056140163879643386
2017-02-24,3831570000,2367.34,2304.985000000001,549.5154821890981,0.05597222379749189
2017-02-27,3582610000,2369.75,2308.2953333333344,570.2538828711779,0.05500915550643966
2017-02-28,4210140000,2363.64,2311.262000000001,582.8114737753003,0.05620236030171752
2017-03-01,4345180000,2395.96,2315.5310000000013,617.1785490953553,0.06522810446747822
2017-03-02,3821320000,2381.92,2319.198666666668,631.7851710870696,0.06894299895358347
2017-03-03,3555260000,2383.12,2323.179666666668,635.4145973478721,0.06725926336399421
2017-03-06,3232700000,2375.31,2326.6463333333345,633.1306112774449,0.06859248814371077
2017-03-07,3518390000,2368.39,2330.086000000001,616.5249190433246,0.06871399510773284
2017-03-08,3812100000,2362.98,2332.8496666666674,604.7943138861046,0.06782127135530584
2017-03-09,3716340000,2364.87,2335.066333333334,602.5562870591272,0.06466146240935348
2017-03-10,3432950000,2372.6,2337.597000000001,600.7012827308434,0.06479087524651254
2017-03-13,3133900000,2373.47,2340.223000000001,595.1714667903501,0.06456503748882629
2017-03-14,3172630000,2365.45,2343.0413333333345,571.9333285523433,0.06245159939556468
2017-03-15,3906840000,2385.26,2346.5876666666677,550.9392890778912,0.06543119869158119
2017-03-16,3365660000,2381.38,2349.9820000000013,521.5340012243694,0.06598170117417536
2017-03-17,5178040000,2378.25,2353.228666666668,484.4209564133354,0.06642863014963409
2017-03-20,3054930000,2373.47,2355.7636666666676,457.6940044645061,0.06473424937276685
2017-03-21,4265590000,2344.02,2357.479000000001,418.5720768336371,0.07519649844248591
2017-03-22,3572730000,2348.45,2359.324666666668,372.80684584508555,0.07525021402163751
2017-03-23,3260600000,2345.96,2361.034333333335,321.6369597071373,0.07544451275668546
2017-03-24,2975130000,2343.98,2362.2380000000016,284.67382705898586,0.07405179932873053
2017-03-27,3240230000,2341.59,2363.0876666666677,257.0173813014008,0.0736084193574696
2017-03-28,3367780000,2358.57,2364.0983333333347,235.42024201779927,0.07497837288185139
2017-03-29,3106940000,2361.13,2364.8833333333346,221.87351065647633,0.07424574569214407
2017-03-30,3158420000,2368.06,2365.5103333333345,217.00068625029377,0.07336082873182659
2017-03-31,3354110000,2362.72,2366.0270000000014,210.19124732915984,0.07365884821872966
2017-04-03,3416400000,2358.84,2366.2830000000013,206.61913750865986,0.0737200391715845
2017-04-04,3206240000,2360.16,2366.1090000000013,207.36989826110852,0.07156913531362848
2017-04-05,3770520000,2352.95,2365.7800000000007,210.67688841052285,0.07203986137952195
2017-04-06,3201920000,2357.49,2365.5693333333343,211.98265692234614,0.07227245737226208
2017-04-07,3053150000,2355.54,2365.176000000001,213.8764639757109,0.0721465139048076
2017-04-10,2785410000,2357.16,2364.756333333334,214.64806881705533,0.07210612673325445
2017-04-11,3117420000,2353.78,2364.427666666668,216.98325503801246,0.07184947911971154
2017-04-12,3196950000,2344.93,2362.7266666666674,202.4620548867367,0.05944073197149308
2017-04-13,3143890000,2328.95,2360.9610000000007,216.54269952740103,0.06021883943307693
2017-04-17,2824710000,2349.01,2359.8240000000005,208.63373594360618,0.06598762076469332
2017-04-18,3269840000,2342.19,2358.7200000000007,209.35257441403934,0.06585828547286476
2017-04-19,3519900000,2338.17,2357.7126666666672,215.45550885953978,0.06556146834972
2017-04-20,3647420000,2355.84,2357.4746666666674,214.93182785757676,0.0692313153968759
2017-04-21,3503360000,2348.69,2356.9353333333343,215.2096639414343,0.06969282244688531
2017-04-24,3690650000,2374.15,2356.9870000000005,216.23448884054085,0.07614213342143498
2017-04-25,3995240000,2388.61,2357.4916666666672,230.26039875426932,0.07814116474543316
2017-04-26,4105920000,2387.45,2358.2250000000004,245.2106825174674,0.07742869025075441
2017-04-27,4098460000,2388.77,2358.342000000001,248.75879873953664,0.07358121822212375
2017-04-28,3718270000,2384.2,2358.4360000000006,251.15099949273392,0.07364291544061972
2017-05-01,3199240000,2388.33,2358.7720000000004,259.6178020674569,0.0736818427852043
2017-05-02,3813680000,2391.17,2359.3620000000005,273.04641854705204,0.07344941573385944
2017-05-03,3893990000,2388.13,2360.8323333333337,281.31292533403644,0.0631280547191235
2017-05-04,4362540000,2389.52,2362.201333333334,290.632934137738,0.06301480004847695
2017-05-05,3540140000,2399.29,2363.9790000000003,305.45826913128917,0.06361035448109444
2017-05-08,3429440000,2399.38,2365.825666666667,315.95946754672156,0.06346867361818861
2017-05-09,3653590000,2396.92,2367.6700000000005,319.7518876922433,0.06347006842780939
2017-05-10,3643530000,2399.63,2369.0386666666673,331.52574278575923,0.0604601722802056
2017-05-11,3727420000,2394.44,2370.1490000000003,338.6018665875096,0.06095628662112119
2017-05-12,3305630000,2390.9,2370.9103333333337,343.8080863404718,0.06074977324087151
2017-05-15,3473600000,2402.32,2372.230333333334,354.59806454339883,0.06156547358462318
2017-05-16,3420790000,2400.67,2373.6246666666675,361.5290026883333,0.06133014675111393
2017-05-17,4163000000,2357.03,2373.520333333334,362.65404239795737,0.08198573904192988
2017-05-18,4319420000,2365.72,2373.946000000001,358.2213208695294,0.08215343127869401
2017-05-19,3825160000,2381.73,2374.7540000000004,355.4232317635333,0.08421264541768556
2017-05-22,3172830000,2394.02,2376.0366666666673,354.84386130161676,0.08526377547701848
2017-05-23,3213570000,2398.42,2377.4120000000007,355.91898497773195,0.08534454748544851
2017-05-24,3389900000,2404.39,2379.0990000000006,356.9424668042009,0.08529245058630018
2017-05-25,3535390000,2415.07,2381.437000000001,356.48455320599044,0.08485759044591852
2017-05-26,2805040000,2415.82,2384.332666666668,333.5104362033403,0.08160859314211634
2017-05-30,3203160000,2412.91,2386.462666666668,326.03836261691885,0.07880718824868224
2017-05-31,4516110000,2411.8,2388.7830000000017,305.6856876822715,0.07809557561543747
2017-06-01,3857140000,2430.06,2391.846000000002,289.03846148075615,0.07991805404143416
2017-06-02,3461680000,2439.07,2394.620333333335,299.41614802004545,0.07805527419350446
2017-06-05,2912600000,2436.1,2397.534000000002,289.92474256794907,0.07737936539705234
2017-06-06,3357840000,2429.33,2399.3733333333357,295.3098682564514,0.07260201741988297
2017-06-07,3572300000,2433.14,2400.857666666669,309.0868854545388,0.07088844274035885
2017-06-08,3728860000,2433.79,2402.4023333333357,320.58519048762486,0.07081944257000038
2017-06-09,4027340000,2431.77,2403.8356666666687,328.81435588466695,0.07094932895017703
2017-06-12,4027750000,2429.39,2405.3420000000024,331.438591647215,0.0707124853135401
2017-06-13,3275500000,2440.35,2407.0760000000023,342.3485756097938,0.07154088015881567
2017-06-14,3555590000,2437.92,2408.6343333333357,350.19697523455824,0.07169868345851826
2017-06-15,3353050000,2432.46,2410.1120000000024,351.2095168846225,0.0719791774135367
2017-06-16,5284720000,2433.15,2411.5663333333355,351.7443602841542,0.07198585699177888
2017-06-19,3264700000,2453.46,2413.3720000000026,369.8858801902592,0.07477639693932013
2017-06-20,3416510000,2437.03,2414.627000000002,373.58714315356224,0.07782316807664466
2017-06-21,3594820000,2435.61,2415.9166666666692,374.4798583046183,0.07775681234183643
2017-06-22,3468210000,2434.5,2417.0790000000025,374.93849717444715,0.07778901289452612
2017-06-23,5278330000,2438.3,2418.5410000000024,373.4718560065139,0.07743224733477422
2017-06-26,3238970000,2439.07,2420.1466666666693,368.5541755338455,0.07718458764779454
2017-06-27,3563910000,2419.38,2420.715333333336,364.6799963009395,0.08017967149738324
2017-06-28,3500800000,2440.69,2422.049333333336,364.0096328698639,0.08385554144520993
2017-06-29,3900280000,2419.7,2424.138333333336,307.6974306146879,0.06842779521731614
2017-06-30,3361590000,2423.41,2426.0613333333363,253.10690597804177,0.06794424086781506
2017-07-03,1962290000,2429.01,2427.6373333333363,215.43832289956555,0.06574195548695168
2017-07-05,3367220000,2432.54,2428.921333333336,190.71536843481135,0.06440309222786335
2017-07-06,3364520000,2409.75,2429.2990000000023,177.32655355154037,0.07035597331868476
2017-07-07,2901330000,2425.18,2429.9920000000025,161.47870517870592,0.07236457885268455
2017-07-10,2999130000,2427.43,2430.404000000002,155.41321621335064,0.07132481293639703
2017-07-11,3106750000,2425.53,2430.727666666668,149.94718721299193,0.07137777852171312
2017-07-12,3171620000,2443.25,2431.7390000000014,144.29637298468808,0.07418735212791507
2017-07-13,3067670000,2447.83,2432.9400000000014,138.71070813642555,0.0742532759561154
2017-07-14,2736640000,2459.27,2433.913666666668,157.94211593116057,0.07230656689252726
2017-07-17,2793170000,2459.14,2434.582666666668,173.57366285196156,0.07163379332180848
2017-07-18,2962130000,2460.61,2435.3996666666676,189.26269322526525,0.07149640408885108
2017-07-19,3059760000,2473.83,2436.883000000001,218.5413288744052,0.07230169760495185
2017-07-20,3182780000,2473.45,2438.226666666668,242.46080835093937,0.0722766980067266
2017-07-21,3059570000,2472.54,2439.5183333333343,261.5578388596872,0.07232231720246739
2017-07-24,3010240000,2469.91,2440.789666666668,274.7647812320606,0.07236385362081854
2017-07-25,4108060000,2477.13,2442.381000000001,291.8595879244562,0.07254087878716309
2017-07-26,3557020000,2477.83,2443.6303333333344,309.2878540241792,0.07161888943288838
2017-07-27,3995520000,2475.42,2444.8803333333344,322.1023355673118,0.07161467173107888
2017-07-28,3294770000,2472.1,2446.2016666666677,329.23019085800775,0.07136085352902256
2017-07-31,3469210000,2470.3,2447.4400000000014,334.00426869044,0.07145370498873989
2017-08-01,3460860000,2476.35,2448.2030000000013,344.0274405835533,0.06778650474230714
2017-08-02,3478580000,2477.57,2449.554333333335,352.5453038356067,0.06444123448292081
2017-08-03,3645020000,2472.16,2450.7726666666686,355.88219875061907,0.0648532177542446
2017-08-04,3235140000,2476.83,2452.1836666666686,360.18363536509696,0.06490750667197134
2017-08-07,2931780000,2480.91,2453.6040000000016,367.0178301334311,0.06491929754901522
2017-08-08,3344640000,2474.92,2454.7990000000013,369.3813381784105,0.06549762448400837
2017-08-09,3308060000,2474.02,2456.6203333333347,357.6128406801146,0.0603431172877664
2017-08-10,3621070000,2438.21,2456.5376666666684,358.6435772914447,0.07024842947123364
2017-08-11,3159930000,2441.32,2457.2583333333355,344.54342282763673,0.06543870692486115
2017-08-14,2822550000,2465.84,2458.672666666668,329.95883123764855,0.07122021963835386
2017-08-15,2913100000,2464.61,2459.859333333335,318.06643985178846,0.0710952164968497
2017-08-16,2953650000,2468.11,2461.0450000000023,308.06789400590463,0.07109139636506641
2017-08-17,3142620000,2430.01,2461.7203333333355,283.3593796333535,0.08002117516669872
2017-08-18,3415680000,2425.55,2461.732666666669,282.94649855184724,0.07809258905647656
2017-08-21,2788150000,2428.37,2461.7640000000024,281.9676506170071,0.07811935659448911
2017-08-22,2777490000,2452.51,2462.6633333333357,261.9740247718554,0.0831752117814713
2017-08-23,2785290000,2444.04,2462.6896666666685,261.4748433841217,0.081215125493467
2017-08-24,2846590000,2438.97,2462.3943333333355,267.0516655707846,0.08123946030141199
2017-08-25,2588780000,2443.05,2461.8536666666687,272.77694277368363,0.08016308595669046
2017-08-28,2677700000,2444.24,2461.3570000000022,277.44342336956964,0.08018744855813799
2017-08-29,2737580000,2446.3,2460.8800000000024,280.85716968863153,0.08021151192151958
2017-08-30,2633660000,2457.59,2460.338666666669,278.282478078496,0.07978457801922553
2017-08-31,3348110000,2471.65,2460.2786666666684,277.59357868950536,0.08161467110794703
2017-09-01,2710730000,2476.55,2460.4123333333355,279.3703147683816,0.08180952188681002
2017-09-05,3490260000,2457.85,2460.010333333336,277.99072013535044,0.08469805379235383
2017-09-06,3374410000,2465.54,2459.624000000002,273.7861336908255,0.08476492320912384
2017-09-07,3353930000,2465.1,2459.1996666666687,268.87212766126316,0.08475536465483298
2017-09-08,3302490000,2461.43,2458.7333333333354,264.56098343975754,0.0848116660436287
2017-09-11,3291760000,2488.11,2459.2670000000016,275.4356204369876,0.0905119224994689
2017-09-12,3230920000,2496.48,2460.1396666666683,294.35010725323565,0.09091128423901089
2017-09-13,3368050000,2498.37,2460.8736666666678,311.31744665488264,0.09070663975210137
2017-09-14,3414460000,2495.62,2461.475333333334,323.8716964861537,0.09079641708576891
2017-09-15,4853170000,2500.23,2462.4110000000005,341.6486839672356,0.09060595225340004
2017-09-18,3194300000,2503.87,2463.3123333333338,360.0577673594263,0.09055245075332863
2017-09-19,3249100000,2506.65,2464.1703333333335,378.2581083917848,0.09050039244753241
2017-09-20,3530010000,2508.24,2465.2810000000004,398.2837768103771,0.09011881430629377
2017-09-21,2930860000,2500.6,2466.1670000000004,410.6110670342781,0.09066588473879543
2017-09-22,2865960000,2502.22,2468.300666666667,414.62977003752906,0.078989628152544
2017-09-25,3297890000,2496.66,2470.1453333333334,414.3594496935487,0.07948485543016097
2017-09-26,3043110000,2496.84,2471.1786666666667,421.2441312375347,0.07445895580366148
2017-09-27,3456030000,2507.04,2472.593,433.27291316372003,0.07514567606310756
2017-09-28,3168620000,2510.06,2473.991333333333,446.36237859636555,0.0751273342673713
2017-09-29,3211920000,2519.36,2476.9696666666664,444.9765024234033,0.0582750610453464
2017-10-02,3199730000,2529.12,2480.4219999999996,442.21558260103524,0.05803044705723596
2017-10-03,3068850000,2534.58,2483.9623333333334,440.7162746085389,0.05806667849124291
2017-10-04,3017120000,2537.74,2486.8033333333337,456.7946017858491,0.052166780755096974
2017-10-05,3045120000,2552.07,2490.404333333334,475.821132143674,0.05186319287022118
2017-10-06,2884570000,2549.33,2494.0830000000005,479.64785031924,0.05135113491752889
2017-10-09,2483970000,2544.73,2497.4723333333336,476.15786371097613,0.05222001078925695
2017-10-10,2960500000,2550.64,2501.0190000000002,472.6387067211517,0.052222696384013764
2017-10-11,2976090000,2555.24,2504.6503333333335,468.48512187616,0.05220359940062653
2017-10-12,3151510000,2550.93,2507.7616666666668,465.10379244297616,0.05208740654568143
2017-10-13,3149440000,2553.17,2510.4790000000003,470.0874497675709,0.050335606692329574
2017-10-16,2916020000,2557.64,2513.1820000000002,477.9135994688317,0.050304259607818175
2017-10-17,2889390000,2559.36,2516.565666666667,466.19963221484375,0.04318751380972979
2017-10-18,2998090000,2561.26,2519.7563333333333,457.6264273611467,0.04288788760886977
2017-10-19,2990710000,2562.1,2522.989666666667,443.07818410098247,0.04276379592279648
2017-10-20,3384650000,2575.21,2526.782333333334,428.1758413211246,0.043314802149879233
2017-10-23,3211710000,2564.98,2529.344666666667,425.8003225473172,0.03630118702244012
2017-10-24,3427330000,2569.13,2531.766333333334,429.12253366048446,0.035667544123673414
2017-10-25,3874510000,2557.15,2533.725666666667,423.14615839792134,0.03921703843808424
2017-10-26,3869050000,2560.4,2535.8850000000007,414.0075718198414,0.038830022599582806
2017-10-27,3887110000,2581.07,2538.5796666666674,419.7664802195223,0.04405046227888329
2017-10-30,3658870000,2572.83,2540.8783333333345,417.7932476716501,0.0457205172638861
2017-10-31,3827230000,2575.26,2543.1653333333347,416.2680766277136,0.04571673256570145
2017-11-01,3813180000,2579.36,2545.536000000001,415.4497304185602,0.04575180162548538
2017-11-02,4048270000,2579.85,2548.177666666668,404.3072913634914,0.04424050635594758
2017-11-03,3567710000,2587.84,2551.0316666666677,395.7994519084923,0.04461766496406017
2017-11-06,3539080000,2591.13,2554.1806666666675,377.2996268695357,0.04347393467187015
2017-11-07,3809650000,2590.64,2557.3073333333346,350.4088126667386,0.043541574446849744
2017-11-08,3899360000,2594.38,2560.218666666668,332.5095714339736,0.04270334758801481
2017-11-09,3831610000,2584.62,2562.704000000001,303.75018005619614,0.04500764849032423
2017-11-10,3486910000,2582.3,2564.8020000000015,279.5143991208622,0.04456078321934501
2017-11-13,3402930000,2584.84,2566.659333333335,263.9211453707877,0.04362067304269676
2017-11-14,3641760000,2578.87,2568.135666666668,247.86978684180372,0.0442667964303495
2017-11-15,3558890000,2564.62,2569.0316666666677,230.88786525968357,0.04760783323619143
2017-11-16,3312710000,2585.64,2570.1506666666673,229.9558858324821,0.05055228117381188
2017-11-17,3300160000,2578.85,2571.1346666666673,222.5262847365608,0.05115301010682705
2017-11-20,3003540000,2582.14,2572.3816666666676,210.01561217837383,0.050783044675897546
2017-11-21,3332720000,2599.03,2573.9946666666674,213.28740986179767,0.053503734704270736
2017-11-22,2762950000,2597.08,2575.389333333334,215.77529031787114,0.053529853054717774
2017-11-24,1349780000,2602.42,2577.1056666666677,216.6599382825305,0.05327119026968276
2017-11-27,3006860000,2601.42,2578.714000000001,215.46684038354118,0.053354278920053656
2017-11-28,3488420000,2627.04,2581.027333333334,247.92241371467213,0.05962600298318207
2017-11-29,4078280000,2626.07,2583.251000000001,271.52691805603087,0.0597368235225552
2017-11-30,4938490000,2647.58,2586.1283333333345,321.443555714509,0.06339297305685307
2017-12-01,3942320000,2642.22,2588.799000000001,351.8374340536006,0.06400982824418518
2017-12-04,4023150000,2639.44,2590.940000000001,378.5164265374271,0.06308151925081788
2017-12-05,3539040000,2629.57,2593.093000000001,386.235041587876,0.06293079966968591
2017-12-06,3229000000,2629.27,2595.097666666668,393.0812418633985,0.06294421781277387
2017-12-07,3292400000,2636.98,2597.758666666668,394.203499632872,0.061058846489248336
2017-12-08,3106150000,2651.5,2600.795333333335,407.3836777392077,0.062421357817911895
2017-12-11,3091950000,2659.99,2603.4260000000013,437.29276369583,0.05925927456127009
2017-12-12,3555680000,2664.11,2606.468666666668,461.16927017884575,0.057914688951214925
2017-12-13,3542370000,2662.85,2609.388333333335,479.18102277349846,0.05810786367259497
2017-12-14,3430030000,2652.01,2611.8100000000018,485.83521983038287,0.059996930448255596
2017-12-15,5723920000,2675.81,2615.008666666668,509.98575975255983,0.06429891815752664
2017-12-18,3724660000,2690.16,2618.4193333333346,547.4628550914476,0.06520086648234544
2017-12-19,3368590000,2681.47,2621.430666666668,570.4604242503714,0.06651119341702223
2017-12-20,3241030000,2679.25,2624.384333333335,586.4832590855757,0.06664870300997264
2017-12-21,3273390000,2684.57,2627.390666666668,604.3676068318349,0.06668935118468523
2017-12-22,2399830000,2683.34,2630.681333333335,611.3448727067906,0.06524738763870427
2017-12-26,1968780000,2680.5,2633.954666666668,610.0621691824867,0.06529519528436148
2017-12-27,2202080000,2682.62,2637.2140000000013,607.4740248240394,0.06530449337812796
2017-12-28,2153330000,2687.54,2640.8363333333346,598.3583106087341,0.06444227328483952
2017-12-29,2443490000,2673.61,2644.469333333335,559.86425654801,0.06413001420759734
2018-01-02,3367250000,2695.81,2648.1416666666682,550.2391495679843,0.06422949615978722
2018-01-03,3538660000,2713.06,2652.6153333333345,540.7822192343763,0.06463876088192919
2018-01-04,3695260000,2723.99,2657.343666666668,536.4006689150109,0.06497311380084274
2018-01-05,3236620000,2743.15,2662.147666666668,562.2631943543663,0.06530090874080266
2018-01-08,3242650000,2747.71,2667.168666666668,579.9945984100937,0.06485217465570249
2018-01-09,3453480000,2751.29,2672.131000000001,595.8484360872679,0.06487206127454258
2018-01-10,3576350000,2748.23,2677.0246666666676,596.377392092186,0.06512510494355706
2018-01-11,3641320000,2767.56,2681.708666666668,632.0298385623566,0.06257834529057517
2018-01-12,3573970000,2786.24,2687.0476666666677,678.2924673650674,0.06387529990999075
2018-01-16,4325970000,2776.42,2691.3423333333344,714.9437005093356,0.06300029012049724
2018-01-17,3778050000,2802.56,2696.687000000001,768.2546190074335,0.06594798106117633
2018-01-18,3681470000,2798.03,2701.9733333333343,802.3082118746056,0.06619278836954198
2018-01-19,3639430000,2810.3,2707.9976666666676,831.0561290318627,0.0642796813380745
2018-01-22,3471780000,2832.97,2714.7876666666675,872.0621049072219,0.06604045271878642
2018-01-23,3519650000,2839.13,2721.5260000000007,911.2623677424024,0.06603374380507436
2018-01-24,4014070000,2837.54,2727.727333333334,945.8959568184841,0.0659532653081512
2018-01-25,3835150000,2839.25,2733.702666666667,976.5326850444055,0.06606470002956723
2018-01-26,3443230000,2872.87,2740.661333333334,1033.056044414872,0.07169829570436188
2018-01-29,3573830000,2853.53,2747.0173333333337,1055.8225594888318,0.07613224102910979
2018-01-30,3990650000,2822.43,2752.698,1037.9456934727602,0.08334262390947503
2018-01-31,4261280000,2823.81,2757.6313333333333,1031.2896398962164,0.08084425246925325
2018-02-01,3938450000,2821.98,2762.025333333333,1027.1067143187433,0.0804238767195996
2018-02-02,4301130000,2762.13,2764.714,998.3362224987759,0.10341576930436301
2018-02-05,5283460000,2648.94,2763.703666666667,1024.4080566063617,0.15974512733355103
2018-02-06,5891660000,2695.14,2764.0559999999996,1017.7492596943014,0.16777009263928325
2018-02-07,4626570000,2681.66,2764.0,1018.9180282552034,0.16843708320612313
2018-02-08,5305440000,2581.0,2760.6833333333334,1125.0545335564354,0.20060223305849864
2018-02-09,5680070000,2619.55,2758.581,1176.7445241858604,0.205929311656922
2018-02-12,4055790000,2656.0,2757.5296666666673,1196.672225528099,0.2101592774719455
2018-02-13,3472870000,2662.94,2757.1740000000004,1203.5541440228237,0.20980191847080917
2018-02-14,4003740000,2698.63,2757.268000000001,1202.331879837889,0.21207380725296104
2018-02-15,3684910000,2731.2,2757.8726666666676,1197.6765027945714,0.21415854832852646
2018-02-16,3637460000,2732.22,2758.1470000000004,1195.8894871494233,0.21386906419083926
2018-02-20,3627610000,2716.26,2757.2506666666673,1201.3467500905522,0.21354386267154957
2018-02-21,3779400000,2701.33,2755.704666666667,1212.0204487998526,0.21399731143885903
2018-02-22,3701270000,2703.96,2754.127000000001,1221.2460814515316,0.2139756218572
2018-02-23,3189190000,2747.3,2754.096000000001,1221.2880775674132,0.2192438743504428
2018-02-26,3424650000,2779.6,2754.4973333333346,1222.9388971095325,0.22096587974632706
2018-02-27,3745080000,2744.28,2753.0986666666677,1219.5167258436625,0.22316919383116868
2018-02-28,4230660000,2713.83,2751.0123333333345,1222.603714114648,0.22515767567987616
2018-03-01,4503970000,2677.67,2746.8493333333345,1230.4042531853474,0.22595870740762192
2018-03-02,3882450000,2691.25,2743.2900000000013,1230.7282338742448,0.22673806257151197
2018-03-05,3710810000,2720.94,2740.3113333333345,1215.6069264329544,0.22896731269961168
2018-03-06,3370690000,2728.12,2736.8163333333346,1183.7234681782384,0.22764136487408773
2018-03-07,3393270000,2726.8,2733.072000000001,1143.4395992877674,0.2274337299516114
2018-03-08,3212320000,2738.97,2729.786333333335,1100.048633939958,0.22803023380476656
2018-03-09,3364100000,2786.57,2728.030333333335,1064.5186411409704,0.23420409490238867
2018-03-12,3185020000,2783.02,2725.035333333335,987.3407171855544,0.23125622256657968
2018-03-13,3301650000,2765.31,2722.0946666666687,918.2638885261192,0.23117871193888928
2018-03-14,3391360000,2749.48,2719.663000000002,872.1832711464168,0.22972412737706135
2018-03-15,3500330000,2747.33,2717.113666666669,819.3947923622812,0.22969312884088533
2018-03-16,5372340000,2752.01,2714.781333333335,764.8607126962991,0.22980883726380621
2018-03-19,3302130000,2712.92,2713.141000000002,751.5712038867704,0.22523730707308776
2018-03-20,3261030000,2716.94,2715.4076666666683,726.5181177901374,0.1897513698947615
2018-03-21,3415510000,2711.93,2715.967333333335,724.0735409745284,0.18327772143698848
2018-03-22,3739800000,2643.69,2714.701666666668,747.6844904794615,0.19711146040122088
2018-03-23,3815080000,2588.26,2714.943666666668,736.6174004976701,0.17454252759829172
2018-03-26,3511100000,2658.55,2716.243666666668,700.5172555595134,0.18670757167548366
2018-03-27,3706350000,2612.62,2714.7976666666677,742.9335926522086,0.18918883846663523
2018-03-28,3864500000,2605.0,2712.8663333333343,795.215657732011,0.18908202516847064
2018-03-29,3565990000,2640.87,2710.9410000000007,821.3909020100698,0.18932224870076558
2018-04-02,3598520000,2581.88,2705.963666666668,899.6663827710644,0.1953971242894513
2018-04-03,3392810000,2614.45,2702.038000000001,933.8978764401448,0.19975231269562163
2018-04-04,3350340000,2644.69,2699.6523333333344,947.366040943267,0.2027315287191133
2018-04-05,3178970000,2662.84,2698.3693333333345,953.322929225818,0.20341266518734408
2018-04-06,3299700000,2604.47,2695.053000000001,991.1121791750317,0.21268129048875725
2018-04-09,3062960000,2613.16,2690.5816666666674,1005.8069929646916,0.20686876239311605
2018-04-10,3543930000,2656.87,2686.490666666667,973.8075793616518,0.2101298370339912
2018-04-11,3020760000,2642.19,2683.0876666666672,966.0828897121714,0.20779550064317742
2018-04-12,3021320000,2663.99,2681.4263333333342,963.0957492049747,0.20733784282283554
2018-04-13,2960910000,2656.3,2680.714000000001,965.8077421274095,0.20392190655251535
2018-04-16,3019700000,2677.84,2680.2670000000007,965.3184277554634,0.20479072988147115
2018-04-17,3234360000,2706.39,2679.7820000000006,960.9021950905294,0.2046187015682278
2018-04-18,3383410000,2708.64,2679.1326666666673,954.0208593079221,0.20447562101182054
2018-04-19,3349370000,2693.13,2678.010333333334,944.34397135432,0.20511159998655656
2018-04-20,3388590000,2670.14,2675.716000000001,926.6391253647241,0.20592883337283846
2018-04-23,3017480000,2670.29,2671.8400000000006,864.9946177389761,0.19865687904761414
2018-04-24,3706740000,2634.56,2666.8913333333335,804.0495559304098,0.20169535915423073
2018-04-25,3499440000,2639.4,2662.6943333333334,751.1997519197608,0.20146472185107545
2018-04-26,3665720000,2666.94,2659.943,705.0078009342222,0.20393059513374487
2018-04-27,3219030000,2669.91,2657.3623333333335,655.594876609056,0.20401698496605605
2018-04-30,3734530000,2648.05,2653.8970000000004,591.2564605921114,0.20494375268772255
2018-05-01,3559850000,2654.8,2651.9596666666675,564.2167789668929,0.20142959109476105
2018-05-02,4010770000,2635.67,2649.2506666666673,531.075986739401,0.20220525536786893
2018-05-03,3851470000,2629.73,2646.5106666666675,499.25620767800825,0.2022247776861609
2018-05-04,3327220000,2663.42,2647.168333333334,501.55703979967376,0.19242197120630494
2018-05-07,3237960000,2672.63,2649.9806666666677,474.3166830892044,0.18166412661865688
2018-05-08,3717570000,2671.92,2650.4263333333342,477.98436787184517,0.16406073206759478
2018-05-09,3909500000,2697.79,2653.265333333334,483.15761458331883,0.157555655578283
2018-05-10,3333050000,2723.07,2657.201000000001,501.5001734810872,0.15884109982522107
2018-05-11,2862700000,2727.72,2660.096000000001,538.7142788428213,0.15455177201846737
2018-05-14,2972660000,2730.13,2665.037666666668,522.7873600048654,0.13764816916335
2018-05-15,3290680000,2711.45,2668.271000000001,516.7803055406084,0.13602777939131488
2018-05-16,3202670000,2722.46,2670.8633333333346,534.7847390855296,0.1327822309144226
2018-05-17,3475400000,2720.13,2672.7730000000015,552.7894807236974,0.1317010371674844
2018-05-18,3368690000,2712.97,2676.3896666666683,525.0401934684519,0.11345997495107069
2018-05-21,3019890000,2733.01,2680.3846666666677,514.4154614291673,0.11466583132887169
2018-05-22,3366310000,2724.44,2682.6370000000015,524.7489349749837,0.10589252764559672
2018-05-23,3326290000,2733.29,2685.673666666668,530.1291227604402,0.1043377190344977
2018-05-24,3256030000,2727.76,2687.7993333333343,539.5969708717079,0.10249587416715217
2018-05-25,2995260000,2721.33,2689.967000000001,539.5255791949469,0.10234137183004485
2018-05-29,3736890000,2689.86,2690.3676666666674,538.3011833807267,0.10599504997071336
2018-05-30,3561050000,2724.01,2690.955000000001,545.2361682352415,0.10789160861647076
2018-05-31,4235370000,2705.27,2690.842666666668,544.3731230996145,0.10982085532048126
2018-06-01,3684130000,2734.62,2692.225666666667,558.9734769367356,0.1128017273981893
2018-06-04,3376510000,2746.87,2694.7833333333338,576.5888759916902,0.10997939205064879
2018-06-05,3517790000,2748.8,2697.400333333334,592.2929178511822,0.10994877359116115
2018-06-06,3651640000,2772.35,2701.9933333333342,599.8421159859101,0.103217124487481
2018-06-07,3711330000,2770.37,2706.3590000000013,601.1854855671878,0.10345680281415971
2018-06-08,3123210000,2779.03,2710.095333333334,624.6382468929344,0.10017231711677459
2018-06-11,3232330000,2782.0,2713.8316666666674,646.0874845054475,0.10017348828149536
2018-06-12,3401010000,2786.85,2718.4583333333344,648.5190988973044,0.09596862714035233
2018-06-13,3779230000,2775.63,2722.4860000000012,639.9509951454644,0.09735821355594228
2018-06-14,3526890000,2782.49,2727.3800000000015,607.5247158191274,0.09381159944313876
2018-06-15,5428790000,2779.66,2732.377666666668,550.8768187999079,0.09341196116015973
2018-06-18,3287150000,2773.75,2736.055333333335,522.9651080917802,0.08808420906551662
2018-06-19,3661470000,2762.59,2739.0540000000015,492.25009863720794,0.0892039453297444
2018-06-20,3327600000,2767.32,2742.2340000000017,455.4697109518302,0.08912123835607645
2018-06-21,3300060000,2749.76,2743.966333333335,435.88773067202095,0.08794107988745607
2018-06-22,5450550000,2754.88,2745.026666666668,432.3720973166392,0.08407948120063624
2018-06-25,3655080000,2717.07,2744.6716666666684,437.15176369712486,0.0933775956725793
2018-06-26,3555090000,2723.06,2744.4360000000015,439.668394723432,0.09357846685418514
2018-06-27,3776090000,2699.63,2744.0420000000017,448.61785446358186,0.09481781475524353
2018-06-28,3428140000,2716.31,2743.8370000000014,451.53342294902114,0.09582431104435446
2018-06-29,3565620000,2718.37,2743.7783333333346,452.3644457583583,0.0958216947465737
2018-07-02,3073650000,2726.71,2744.2363333333346,445.9401670535892,0.09588724202603813
2018-07-03,1911470000,2713.22,2743.576666666668,453.88719898996555,0.09449195343860119
2018-07-05,2953420000,2736.61,2743.9823333333347,450.7883986835127,0.09744245393640777
2018-07-06,2554780000,2759.82,2744.8666666666686,451.8766387351099,0.10002652373753701
2018-07-09,3050040000,2784.17,2746.747000000002,462.7647641774313,0.10270245037885391
2018-07-10,3063850000,2793.84,2749.164000000002,475.69535472283036,0.1025830157652622
2018-07-11,2964740000,2774.02,2751.9693333333353,446.14113393368433,0.0986055163935901
2018-07-12,2821690000,2798.29,2754.4453333333354,457.48811913577504,0.09515678247637516
2018-07-13,2614000000,2801.31,2757.6466666666684,452.43266332286214,0.09224325923553212
2018-07-16,2812230000,2798.43,2759.7736666666683,461.9109873185013,0.08773750855693688
2018-07-17,3050730000,2809.55,2761.863000000002,481.98248351205274,0.08756440500410499
2018-07-18,3089780000,2815.62,2764.090333333335,504.6211508257641,0.08765697342854595
2018-07-19,3266700000,2804.49,2765.161666666668,517.6225893981053,0.08552069167060998
2018-07-20,3230210000,2801.83,2766.2103333333353,528.294011804971,0.08554986635105778
2018-07-23,2907430000,2806.98,2767.1420000000016,540.2627500533387,0.08527301797217714
2018-07-24,3417530000,2820.4,2768.4220000000014,560.5228451636619,0.08621930410230241
2018-07-25,3553010000,2846.07,2770.3960000000015,602.1718018524497,0.08972867844866164
2018-07-26,3653330000,2837.44,2772.456333333335,632.7126681192937,0.08931751687997441
2018-07-27,3415710000,2818.82,2773.667333333335,646.333798756637,0.09161230094480667
2018-07-30,3245770000,2802.6,2774.4320000000016,651.5803789768361,0.09328439022131578
2018-07-31,3892100000,2816.29,2775.8500000000013,662.7622879205366,0.09391687286514493
2018-08-01,3496990000,2813.36,2777.542333333335,670.2280967376391,0.09305563821479847
2018-08-02,3467380000,2827.22,2779.5390000000016,684.6191095492463,0.09384528170515875
2018-08-03,3030390000,2840.35,2782.5586666666686,700.5387341517209,0.09203189876288918
2018-08-06,2874540000,2850.4,2785.742666666668,722.1136596905772,0.09228083322417256
2018-08-07,3162770000,2858.45,2790.4553333333342,721.5366830964172,0.08085303100104166
2018-08-08,2972200000,2857.7,2794.9433333333345,717.7660205252599,0.08103645451167296
2018-08-09,3047050000,2853.58,2800.075000000001,677.6857864974437,0.07566241471021268
2018-08-10,3256040000,2833.28,2803.974000000001,635.5346726871397,0.07881398150859957
2018-08-13,3158450000,2821.93,2807.426000000001,583.0277704818715,0.08035516304944688
2018-08-14,2976970000,2839.96,2811.201000000001,537.3921457287838,0.08157206220503951
2018-08-15,3645070000,2818.37,2814.7060000000006,450.1235932894514,0.08369405495316976
2018-08-16,3219880000,2840.69,2818.175333333334,390.3106686659,0.08318280111908316
2018-08-17,3024100000,2850.13,2821.185666666667,359.5299161135605,0.08059382178228419
2018-08-20,2748020000,2857.05,2823.6150000000007,356.36233944167645,0.07732416053182577
2018-08-21,3147140000,2862.96,2825.9190000000012,362.4338381495153,0.07702030712714418
2018-08-22,2689560000,2861.82,2828.845666666668,341.9351985007018,0.07339637591413817
2018-08-23,2713910000,2856.98,2830.8020000000015,338.6548214453669,0.07003991267099353
2018-08-24,2596190000,2874.69,2833.2480000000014,349.72413199832454,0.0718287103432004
2018-08-27,2854080000,2896.74,2836.525000000002,379.47742707831117,0.07421365026070738
2018-08-28,2683190000,2897.52,2839.457333333335,409.5942266833286,0.07376943828599214
2018-08-29,2791860000,2914.04,2842.738000000002,456.4656784981659,0.07494189573703285
2018-08-30,2802180000,2901.13,2845.959333333335,471.7754065828785,0.07523688729616913
2018-08-31,2880260000,2901.52,2849.2823333333354,479.1618245989408,0.07504078590901328
2018-09-04,3077060000,2896.72,2852.2736666666688,480.9032813920806,0.07545488882432025
2018-09-05,3241250000,2888.6,2854.5470000000028,482.2442473855181,0.07540698978274411
2018-09-06,3139590000,2878.05,2855.6130000000026,486.2498645175331,0.07220939567445299
2018-09-07,2946270000,2871.68,2856.7543333333356,485.25533416870263,0.0719112563028095
2018-09-10,2731400000,2877.13,2858.698000000002,474.9642387466042,0.06890090133065517
2018-09-11,2899660000,2887.89,2861.541000000002,451.1572161803286,0.0666400102920598
2018-09-12,3264930000,2888.92,2863.962000000002,436.7325493012469,0.06563584092978676
2018-09-13,3254930000,2904.18,2866.9893333333353,424.44218610554884,0.06659827068526565
2018-09-14,3149800000,2904.98,2869.581333333335,420.9487815905928,0.06561371839642527
2018-09-17,2947760000,2888.8,2871.1963333333347,415.0933252587009,0.06722481900745918
2018-09-18,3074610000,2904.31,2872.9933333333347,420.9879057315705,0.06812992481820103
2018-09-19,3280020000,2907.95,2874.643333333335,430.46676776675923,0.06784255543826322
2018-09-20,3337730000,2930.75,2877.078333333335,456.7450319981654,0.07096006477187415
2018-09-21,5607610000,2929.67,2879.614666666668,475.5790184227707,0.07072648438346146
2018-09-24,3372210000,2919.37,2882.4843333333347,468.0883223773364,0.06790183569999658
2018-09-25,3285480000,2915.56,2885.605333333335,440.69310056783513,0.06660799834189698
2018-09-26,3388620000,2905.97,2887.805666666668,422.4301049565538,0.06582792820589438
2018-09-27,3060850000,2914.0,2890.9933333333347,373.9853991984161,0.061047646281044025
2018-09-28,3432300000,2913.98,2893.4363333333345,347.7243072218342,0.05760127700905155
2018-10-01,3364190000,2924.59,2895.9183333333344,333.8309455808175,0.0577268503213971
2018-10-02,3401880000,2923.43,2898.1310000000008,321.89446520902794,0.05764331274640055
2018-10-03,3598710000,2925.51,2900.2160000000003,313.4446084834987,0.05751215368436783
2018-10-04,3496860000,2901.61,2901.5423333333333,291.5391314855876,0.06298352410498198
2018-10-05,3328980000,2885.57,2902.4953333333337,264.04400940345425,0.06507343673227393
2018-10-08,3330320000,2884.43,2902.82,256.53341560880483,0.06267679267385291
2018-10-09,3520500000,2880.34,2902.273333333333,264.19989234862373,0.05856339130876595
2018-10-10,4501250000,2785.68,2898.545333333333,429.0797198557812,0.11131561304915157
2018-10-11,4890630000,2728.37,2892.3563333333327,650.9125055551488,0.12247002648993184
2018-10-12,3966040000,2767.13,2887.8896666666665,744.3689494616062,0.13108025392027914
2018-10-15,3300140000,2750.79,2882.8653333333327,842.1540320440816,0.13157695120528792
2018-10-16,3428340000,2809.92,2879.9719999999993,866.9549761080189,0.14781717015914772
2018-10-17,3321710000,2809.21,2877.3256666666657,890.3088170779496,0.14772732059100901
2018-10-18,3616440000,2768.78,2873.6833333333325,944.2296808253664,0.15267114300075435
2018-10-19,3566490000,2767.78,2870.2199999999993,992.9083008393673,0.15266336518570572
2018-10-22,3307140000,2755.88,2866.1783333333324,1046.3264217942199,0.15263335593931754
2018-10-23,4348580000,2740.69,2861.271666666666,1105.1087288587862,0.15228672463590828
2018-10-24,4709310000,2656.1,2853.5109999999995,1250.8862799663998,0.17396726724225006
2018-10-25,4634770000,2705.57,2846.8906666666667,1311.9328805770629,0.18335738595642748
2018-10-26,4803150000,2658.69,2838.681,1407.8561018851012,0.1882466560676206
2018-10-29,4673700000,2641.25,2830.4293333333335,1510.3624873775184,0.18839135467049378
2018-10-30,5106380000,2682.63,2823.0400000000004,1552.2086883512427,0.19458763555601774
2018-10-31,5112420000,2711.74,2816.4996666666675,1563.072435654237,0.19818152659329635
2018-11-01,4708420000,2740.37,2810.153666666667,1539.361103543313,0.19953559006174326
2018-11-02,4237930000,2723.06,2803.2666666666673,1516.2642330457536,0.19981618127636974
2018-11-05,3623320000,2738.31,2797.231333333334,1486.3007716702682,0.20109974394516114
2018-11-06,3510860000,2755.45,2791.894333333334,1447.4682222518838,0.2025344411787443
2018-11-07,3914750000,2813.89,2788.8250000000003,1408.4856270501903,0.21313893817042784
2018-11-08,3630490000,2806.83,2785.252666666667,1359.104729422788,0.21288080876928114
2018-11-09,4019090000,2781.01,2780.820333333334,1303.1526327249699,0.214111281486337
2018-11-12,3670930000,2726.22,2774.2080000000005,1238.1847672627403,0.21988233802912724
2018-11-13,4091440000,2722.18,2767.4996666666675,1162.496380173283,0.2198255372252849
2018-11-14,4402370000,2701.58,2760.035333333334,1075.953669906362,0.22015532329719717
2018-11-15,4179140000,2730.2,2754.3216666666676,991.327789030249,0.2227008059290179
2018-11-16,3975180000,2736.27,2749.3450000000007,910.7232167785534,0.22274633079787048
2018-11-19,3772900000,2690.73,2742.8883333333342,830.5635171750873,0.22687542213702777
2018-11-20,4357900000,2641.89,2734.940000000001,773.196843759856,0.23150074831133136
2018-11-21,3233550000,2649.93,2730.415000000001,795.5634334319352,0.21364652294244735
2018-11-23,1651650000,2632.56,2727.2213333333343,844.6505794290788,0.20656080315363967
2018-11-26,3443950000,2673.45,2724.098666666667,849.8102523498133,0.20744905023530624
2018-11-27,3485220000,2682.17,2721.811333333334,854.3414683749501,0.20729164804778402
2018-11-28,3951670000,2743.79,2719.607000000001,815.7029403075921,0.2087101983094918
2018-11-29,3560770000,2737.8,2717.2266666666674,772.6601818796669,0.20874844299772388
2018-11-30,4658580000,2760.17,2716.939666666667,768.0574450042512,0.20618511080982793
2018-12-03,4186060000,2790.37,2717.6926666666673,783.6827620973457,0.20861153191783793
2018-12-04,4499840000,2700.06,2715.8320000000003,776.7148558616068,0.22892195441788618
2018-12-06,5141470000,2695.95,2714.3406666666665,775.0945933783803,0.22846676878176975
2018-12-07,4216690000,2633.08,2713.5733333333333,792.7946795814632,0.2206515032779249
2018-12-10,4151030000,2637.72,2711.3116666666665,822.5759863067632,0.2134473522586262
2018-12-11,3905870000,2636.78,2710.581333333333,837.0788324958911,0.20758671839336587
2018-12-12,3958890000,2651.07,2710.9086666666667,830.468894012911,0.207297218035243
2018-12-13,3927720000,2650.54,2709.8389999999995,845.0442040926717,0.20204860133900468
2018-12-14,4035020000,2599.95,2706.112666666666,902.9846153622843,0.20624919269027656
2018-12-17,4616350000,2545.94,2699.631666666666,1008.5479976646645,0.2105154575861716
2018-12-18,4470880000,2546.16,2693.7349999999997,1099.093862958674,0.2102887842941326
2018-12-19,5127940000,2506.96,2686.023333333333,1215.884933859509,0.2123578474619867
2018-12-20,5585780000,2467.42,2676.4223333333334,1351.9310298574392,0.21373995078302863
2018-12-21,7609010000,2416.62,2663.18,1484.6950669577484,0.2057882717290692
2018-12-24,2613930000,2351.1,2647.989,1676.6534546227401,0.21535428256844397
2018-12-26,4233990000,2467.7,2637.5453333333335,1706.289281300755,0.2682138337667777
2018-12-27,4096610000,2488.83,2629.6323333333335,1737.513741985391,0.26619036340513175
2018-12-28,3702620000,2485.74,2621.7510000000007,1763.0238197234428,0.26620237767877314
2018-12-31,3442870000,2506.85,2615.2600000000007,1776.6867882936162,0.2678141446322449
2019-01-02,3733160000,2510.03,2607.9210000000007,1767.483457739066,0.2652480722329641
2019-01-03,3822860000,2447.89,2598.308333333334,1783.0596787681732,0.272358635448826
2019-01-04,4213410000,2531.94,2593.015333333334,1770.8893799773214,0.2905537828227537
2019-01-07,4104710000,2549.69,2589.942000000001,1768.937770108511,0.2874327060535965
2019-01-08,4083030000,2574.41,2587.4246666666677,1760.2030918812188,0.28889386964888497
2019-01-09,4052480000,2584.96,2585.8380000000016,1754.9954047545498,0.28870092522028545
2019-01-10,3704500000,2596.64,2583.277666666668,1735.6881367904518,0.28514581267450567
2019-01-11,3434490000,2596.26,2580.4140000000016,1710.8354386195356,0.28489326770548884
2019-01-14,3664450000,2582.61,2575.041333333335,1639.3697062252093,0.27591839113771416
2019-01-15,3572330000,2610.3,2570.791333333335,1569.5332993685963,0.27831598410879294
2019-01-16,3863770000,2616.1,2565.989000000002,1470.922569227941,0.27706202543739195
2019-01-17,3772270000,2635.96,2560.8420000000024,1327.3110165705923,0.2759079957365297
2019-01-18,3986730000,2670.71,2559.8636666666694,1303.0647651671068,0.26328294449523987
2019-01-22,3908030000,2632.9,2557.7620000000024,1257.8758332146822,0.2663497460254584
2019-01-23,3335610000,2638.7,2557.9493333333357,1260.9018041323245,0.2576039857086376
2019-01-24,3433250000,2642.33,2558.1030000000023,1263.5042513141686,0.25758601790474067
2019-01-25,3814080000,2664.76,2559.035666666669,1281.1236073888326,0.2586978914088304
2019-01-28,3612810000,2643.85,2558.7950000000023,1276.7800259896837,0.2593529529688999
2019-01-29,3504200000,2640.0,2558.443666666669,1270.5489935155827,0.2593884851024151
2019-01-30,3867810000,2681.05,2561.1470000000027,1314.5512205230445,0.2566575769069306
2019-01-31,4917650000,2704.1,2566.4190000000026,1377.0866970636396,0.24885487486033994
2019-02-01,3759270000,2706.53,2571.764666666669,1433.8546708469555,0.24880807999387958
2019-02-04,3359840000,2724.87,2579.0283333333355,1486.400976311559,0.2434577118547935
2019-02-05,3560430000,2737.7,2588.037666666669,1516.1672100859885,0.23696154345019682
2019-02-06,3472690000,2731.61,2598.5373333333355,1481.150505620047,0.22643088695782684
2019-02-07,4099490000,2706.05,2610.369000000002,1313.6706711960026,0.2103808331212338
2019-02-08,3622330000,2707.88,2618.3750000000023,1270.7372025367322,0.1620598493553712
2019-02-11,3361970000,2709.8,2625.7406666666693,1235.8938441057333,0.16137800304422892
2019-02-12,3827770000,2744.73,2634.3736666666687,1208.6016796106705,0.1634193793320366
2019-02-13,3670770000,2753.03,2642.579666666669,1193.396168754992,0.16269398710553393
2019-02-14,3836700000,2745.73,2650.4363333333354,1160.9859925789765,0.16348856180680224
2019-02-15,3641370000,2775.6,2661.360000000002,1047.100609611465,0.14204224675474802
2019-02-19,3533710000,2779.76,2669.6206666666685,1027.0829288589648,0.10979769680990288
2019-02-20,3835450000,2784.7,2677.454333333335,1014.3937084008089,0.10924111029638897
2019-02-21,3559710000,2774.88,2684.136666666668,1003.7759047751977,0.10888433216100539
2019-02-22,3427810000,2792.67,2691.0603333333347,1005.9609622159422,0.10937988123878609
2019-02-25,3804380000,2796.11,2697.7093333333346,1009.3843028481285,0.10929436352826687
2019-02-26,3645680000,2793.9,2704.297333333335,999.2551864858896,0.10944534574406642
2019-02-27,3767130000,2792.38,2711.2896666666684,961.5141913699612,0.10738604597035287
2019-02-28,4396930000,2784.49,2717.096000000002,934.6964344650519,0.10567848174442909
2019-03-01,3972280000,2803.69,2723.3490000000015,916.5085192155993,0.10656008164826855
2019-03-04,3919810000,2792.81,2728.5773333333345,899.1253651503929,0.10682746821088829
2019-03-05,3585690000,2789.65,2732.542000000001,898.6888310883943,0.10168035806505675
2019-03-06,3786600000,2771.45,2737.160333333334,853.7918720214607,0.09356702970442402
2019-03-07,3904860000,2748.93,2740.8346666666675,801.5007670047559,0.09780388894676796
2019-03-08,3423130000,2743.07,2744.1926666666677,745.1108133427123,0.09833314895459855
2019-03-11,3749030000,2783.3,2748.144000000001,713.8501115695191,0.10375600845127803
2019-03-12,3414230000,2791.52,2753.0663333333346,651.9935392626345,0.099979476658655
2019-03-13,3766150000,2810.92,2758.7636666666676,578.4720035417275,0.10054350667923977
2019-03-14,3469730000,2808.48,2763.0113333333343,546.7396423617419,0.09240816292433532
2019-03-15,5962730000,2822.48,2766.9573333333337,543.5424346167874,0.09059471206641319
2019-03-18,3552190000,2832.94,2771.1710000000007,544.8964529803009,0.09081271326877197
2019-03-19,3620220000,2832.57,2774.761000000001,554.6910887072133,0.0895486136448709
2019-03-20,3771200000,2824.23,2777.6453333333343,561.1089020171665,0.08977013460260268
2019-03-21,3546800000,2854.88,2781.7543333333347,586.3971819816352,0.0935426436335589
2019-03-22,4237200000,2800.71,2784.909666666668,542.7585610044133,0.10648971842580099
2019-03-25,3376580000,2798.36,2787.925666666668,492.16556224869504,0.10664104460723509
2019-03-26,3266050000,2818.46,2791.5476666666677,440.30715758682135,0.10806635807905714
2019-03-27,3372930000,2805.37,2793.5690000000013,418.83014043812824,0.10363068561638959
2019-03-28,3158170000,2815.44,2795.6493333333347,405.17455718207816,0.10375145277217375
2019-03-29,3740700000,2834.4,2798.6050000000014,391.51431309560144,0.10462565271778988
2019-04-01,3500760000,2867.19,2801.6580000000013,432.58534504816157,0.10520453890043424
2019-04-02,3246900000,2867.24,2804.5740000000014,467.03397465732996,0.10524383547135793
2019-04-03,3550240000,2873.4,2807.530666666668,503.5599940233222,0.10527148073759368
2019-04-04,3015180000,2879.39,2811.0143333333344,534.8051381140368,0.1043964324162031
2019-04-05,3146820000,2892.74,2814.3500000000013,581.576025877894,0.10375940160322024
2019-04-08,3054030000,2895.77,2817.6720000000014,624.5545311483904,0.10376020758338221
2019-04-09,3007980000,2878.2,2820.482000000002,644.1545583048188,0.10574314188552601
2019-04-10,3062380000,2888.21,2823.676333333335,667.2876622608558,0.10587098063881509
2019-04-11,2938540000,2888.32,2827.137333333335,681.9962959511334,0.1052608494597992
2019-04-12,3688490000,2907.41,2830.5946666666687,716.393081777968,0.10513058219257733
2019-04-15,3088330000,2905.58,2834.3536666666687,738.9111047732716,0.10417438708451952
2019-04-16,3402210000,2907.06,2838.2673333333355,755.3585116705248,0.10394424394265749
2019-04-17,3602300000,2900.45,2842.5673333333352,748.6995578412751,0.10183869115995944
2019-04-18,3506850000,2905.03,2847.770666666669,714.9866443855019,0.09763411204726336
2019-04-22,2997950000,2907.97,2853.2673333333355,662.9951437238061,0.09693959810815696
2019-04-23,3635030000,2933.68,2858.2800000000016,668.3275391911809,0.09163311442108617
2019-04-24,3448960000,2927.25,2862.804333333335,666.2822722943656,0.09226773788581646
2019-04-25,3425280000,2926.17,2866.6460000000015,671.9993012064904,0.0910101674357045
2019-04-26,3248500000,2939.88,2871.026000000002,681.0189720947849,0.09125365537444995
2019-04-29,3118780000,2943.03,2875.0443333333355,695.8093334765123,0.09067342860481874
2019-04-30,3919330000,2945.83,2878.8073333333355,713.1583939707577,0.09041867801608398
2019-05-01,3645850000,2923.73,2881.846000000002,710.7365238922168,0.09390267555329788
2019-05-02,3778890000,2917.52,2884.9556666666685,696.3031481513058,0.09362737890770023
2019-05-03,3338120000,2945.64,2887.9810000000016,711.7529818896862,0.09258881821477051
2019-05-06,3181520000,2932.47,2892.3730000000014,672.741023522082,0.072730032166917
2019-05-07,3767100000,2884.05,2895.229333333335,611.7618263793921,0.08945374285149035
2019-05-08,3485790000,2879.42,2897.2613333333347,569.3287621145683,0.08780467031567826
2019-05-09,3638820000,2870.72,2899.439666666668,505.61249546555024,0.0870645996718
2019-05-10,3529600000,2881.4,2901.6383333333347,442.6035890670496,0.08710205615675481
2019-05-13,3894030000,2811.87,2900.8873333333345,475.90897048432436,0.11134932691053677
2019-05-14,3322720000,2834.41,2899.794666666668,504.6905471589398,0.10851490849659134
2019-05-15,3125950000,2850.96,2899.2520000000013,515.8970160582423,0.10999270217661233
2019-05-16,3338060000,2876.32,2899.349333333335,514.6935266147975,0.11292557359962675
2019-05-17,3257950000,2859.53,2898.687333333335,524.5107976218766,0.11401926113770153
2019-05-20,3288870000,2840.23,2896.9370000000013,551.090156174991,0.11459152604226314
2019-05-21,3218700000,2864.36,2895.8900000000012,559.1285604062307,0.11750982633902954
2019-05-22,3192510000,2856.27,2895.1590000000015,568.6885574916603,0.11650713184429519
2019-05-23,3891980000,2822.24,2892.9600000000014,606.5731106287294,0.12071648127779823
2019-05-24,2887390000,2826.06,2890.8846666666677,636.7986877953009,0.12085045818917678
2019-05-28,4121410000,2802.39,2887.384000000001,684.1024952607343,0.12078087366402339
2019-05-29,3700050000,2783.02,2883.298666666668,745.2614331054475,0.121891553436403
2019-05-30,3273790000,2788.86,2879.358666666668,789.9124441257644,0.12219526294386512
2019-05-31,3981020000,2752.06,2874.4123333333346,868.6388599062515,0.12691826839407053
2019-06-03,3966700000,2744.45,2869.059666666668,941.1102377796805,0.12656165522902116
2019-06-04,3810430000,2803.27,2865.569666666668,952.3488102718184,0.14332059478336825
2019-06-05,3548830000,2826.15,2861.985333333335,936.3816214254729,0.14292072226402264
2019-06-06,3396410000,2843.49,2859.193333333335,916.9174153915015,0.14445059516245343
2019-06-07,3220250000,2873.34,2857.432333333335,895.9282695586977,0.14820016480211173
2019-06-10,3209210000,2886.73,2855.660666666668,866.1749537983361,0.148192417760884
2019-06-11,3548420000,2885.72,2853.7503333333348,831.1604747405895,0.1481131993717483
2019-06-12,3034130000,2879.84,2851.550666666668,788.5458119820663,0.14809218289004394
2019-06-13,3069810000,2891.64,2850.481000000001,768.2447436187942,0.1472848603765135
2019-06-14,2922330000,2886.98,2849.463000000001,749.968465000463,0.14723798348964184
2019-06-17,2810140000,2889.67,2847.597333333334,703.7141398431289,0.1442588139098215
2019-06-18,3437620000,2917.75,2847.1066666666675,689.4354726325892,0.146788606169686
2019-06-19,3287890000,2926.46,2848.5203333333343,719.4851665183796,0.13852044146912784
2019-06-20,3905940000,2954.18,2851.012333333334,777.6594513964203,0.14074383733402515
2019-06-21,5000120000,2950.46,2853.6703333333344,827.9352336563668,0.14041023482143658
2019-06-24,3136250000,2945.35,2855.8020000000015,866.3996507975004,0.14036518843440507
2019-06-25,3578050000,2917.38,2859.319000000002,873.8435015579878,0.12315970662910938
2019-06-26,3478130000,2913.78,2861.964666666668,884.3979351213136,0.12165760686730846
2019-06-27,3122920000,2924.92,2864.430000000001,902.1991370820886,0.12109256549713468
2019-06-28,5420700000,2941.76,2866.611333333334,929.2243597709116,0.11962079203108585
2019-07-01,3513270000,2964.33,2870.1046666666675,970.9880782562625,0.11953713249035257
2019-07-02,3206840000,2973.01,2874.5306666666675,1010.9276750390786,0.1171927711989742
2019-07-03,1963720000,2995.82,2878.912666666668,1069.5347347301952,0.11679233053718494
2019-07-05,2434210000,2990.41,2883.384000000001,1114.56911976127,0.11649982566450086
2019-07-08,2904550000,2975.95,2888.5076666666673,1130.217086209495,0.111066946727377
2019-07-09,3028210000,2979.63,2893.626666666668,1144.038898193229,0.1110714841994405
2019-07-10,3154240000,2993.07,2899.982666666668,1145.3783002080295,0.10702958384244862
2019-07-11,3154620000,2999.91,2907.2123333333348,1125.2374068710553,0.10347196238475924
2019-07-12,2974960000,3013.77,2914.7093333333346,1108.3572414853027,0.10363958250600931
2019-07-15,2874970000,3014.3,2923.4506666666684,1031.9107119191922,0.09257590512871694
2019-07-16,3290650000,3004.04,2932.1036666666682,907.3751186185518,0.09294253414041587
2019-07-17,3181600000,2984.42,2938.142000000001,832.6921213243222,0.0791531539453892
2019-07-18,3296580000,2995.11,2943.7740000000017,777.3807167181607,0.07719476562771374
2019-07-19,3260360000,2976.61,2948.2113333333346,721.9184197522891,0.07960234113206162
2019-07-22,3003720000,2985.03,2951.934333333335,693.2682975097852,0.07507636358374381
2019-07-23,3313660000,3005.47,2955.892333333335,681.540304594877,0.07619084066820343
2019-07-24,3428980000,3019.56,2960.3536666666682,672.118644030555,0.0766088404227704
2019-07-25,3645270000,3003.67,2964.481333333335,638.1818852439025,0.07845922648530511
2019-07-26,3257590000,3025.86,2968.9553333333347,623.4490978903933,0.08000064704619436
2019-07-29,3203710000,3020.97,2973.4216666666684,590.4273838438957,0.08000219088853104
2019-07-30,3634330000,3013.18,2977.538666666668,544.9492016866723,0.08087085527594191
2019-07-31,4623430000,2980.38,2979.626333333335,514.6268853809202,0.08444321910449414
2019-08-01,4762300000,2953.56,2980.529666666668,495.9532560130719,0.08868850790836509
2019-08-02,3874660000,2932.05,2979.7920000000017,510.11529377491996,0.08694506369447097
2019-08-05,4513730000,2844.74,2976.268000000002,638.7448039804707,0.12205874856788927
2019-08-06,4154240000,2881.77,2974.1486666666683,690.0107878854241,0.12878604877259764
2019-08-07,4491750000,2883.98,2973.0353333333346,720.0264166070992,0.12609834265767272
2019-08-08,4106370000,2938.09,2973.845666666668,705.9514096405198,0.13767121397000426
2019-08-09,3350640000,2918.65,2973.6366666666677,709.9499747697064,0.13867981558227857
2019-08-12,2851630000,2882.7,2971.668000000001,752.3614710145899,0.14197524690948074
2019-08-13,3853600000,2926.32,2970.401000000001,763.564771067149,0.14731448831778488
2019-08-14,4312530000,2840.6,2965.9873333333353,851.0579129820275,0.16901245730177922
2019-08-15,4038000000,2847.6,2961.0466666666684,912.1363870793488,0.1672311221853557
2019-08-16,3498150000,2888.68,2957.655666666668,931.133737259661,0.17358435836589234
2019-08-19,3212880000,2923.65,2955.9123333333346,934.5362802874447,0.177316263515583
2019-08-20,3066300000,2900.51,2953.275000000001,945.1607493162122,0.17850363794729088
2019-08-21,3011190000,2924.43,2950.9870000000005,940.9744587165775,0.17979967241997402
2019-08-22,2890880000,2922.95,2948.421666666667,932.603728985127,0.1795773790210883
2019-08-23,3937300000,2847.11,2942.8663333333334,955.9221339439092,0.1929118815032656
2019-08-26,2857600000,2878.38,2938.335666666667,948.8047660670119,0.19639609258876523
2019-08-27,3533630000,2869.16,2933.839666666667,948.1716683130177,0.19637972195877967
2019-08-28,3097420000,2887.94,2930.6236666666673,944.674082173017,0.1970987013202022
2019-08-29,3176190000,2924.58,2928.272666666667,924.7431077058318,0.20068009927048466
2019-08-30,3008450000,2926.46,2926.601000000001,913.3162201339632,0.20003995034245764
2019-09-03,3426790000,2906.27,2923.9756666666676,897.9284943505769,0.20062400387545787
2019-09-04,3163260000,2937.78,2921.7193333333344,865.386307292564,0.2022766754239004
2019-09-05,3890700000,2976.0,2920.2673333333346,831.1213334350429,0.20560625097350155
2019-09-06,3208280000,2978.71,2919.4353333333347,812.2911072234479,0.20511620325463956
2019-09-09,4002890000,2978.43,2917.8543333333346,768.7571774654493,0.2038545223924834
2019-09-10,4390770000,2979.39,2916.4683333333346,728.6945009231808,0.20383527553410846
2019-09-11,3927550000,3000.93,2916.060000000001,715.308758740488,0.20489612094533066
2019-09-12,3791860000,3009.57,2917.0330000000013,742.5991924630113,0.20244254105249082
2019-09-13,3520060000,3007.39,2918.8273333333345,781.0032142950013,0.20051412126159515
2019-09-16,4274640000,2997.96,2921.0243333333347,813.3897401156004,0.19944041263295909
2019-09-17,3671840000,3005.7,2926.389666666668,815.9873135498318,0.1771036143629256
2019-09-18,3435540000,3006.73,2930.5550000000007,836.7197549749209,0.17397011257767936
2019-09-19,3251290000,3006.79,2934.6486666666674,852.8679498094506,0.1740099715329979
2019-09-20,6094740000,2992.07,2936.4480000000012,868.9582469901356,0.16692097425635105
2019-09-23,3186590000,2991.78,2938.885666666668,881.6979410681904,0.16551459382901482
2019-09-24,3868160000,2966.6,2941.682333333335,868.6742464879817,0.16318182255140967
2019-09-25,3318870000,2984.87,2943.634000000001,876.2185416859284,0.15843657941854516
2019-09-26,3077240000,2977.62,2948.201333333334,824.6868216805149,0.1309848081511477
2019-09-27,3243650000,2961.79,2952.007666666667,768.1088647704919,0.13247371900640012
2019-09-30,3247610000,2976.74,2954.9430000000007,747.1355323743105,0.1271063451131127
2019-10-01,3558040000,2940.25,2955.4963333333344,742.629305335535,0.12827159282927073
2019-10-02,3912520000,2887.61,2955.0663333333346,751.8135978155638,0.1367621356688327
2019-10-03,3503640000,2910.63,2954.606333333335,757.7407412954672,0.1366184044547637
2019-10-04,2990830000,2952.01,2955.5750000000016,751.8489817406936,0.1427832221428774
2019-10-07,2940140000,2938.79,2958.631000000001,680.4848712709528,0.12016698374895667
2019-10-08,3356450000,2893.06,2959.120333333334,666.6300180178184,0.12566743891485302
2019-10-09,2726820000,2919.4,2960.7950000000005,622.1334338578904,0.12781555696936434
2019-10-10,3217250000,2938.13,2962.4680000000008,587.0782382022862,0.12776373631775909
2019-10-11,3580460000,2970.27,2963.991000000001,576.2908342157106,0.12642057068322682
2019-10-14,2557020000,2966.15,2965.3140000000003,565.2037672175378,0.1265441128635531
2019-10-15,3340740000,2995.68,2968.2943333333333,543.008846591734,0.1274292698942426
2019-10-16,3222570000,2989.69,2970.0246666666667,538.4838350005307,0.12424255816371697
2019-10-17,3115960000,2997.95,2970.7563333333333,544.3265811912538,0.1187882333232834
2019-10-18,3264290000,2986.2,2971.006,545.7087179524334,0.11938595781651462
2019-10-21,3271620000,3006.72,2971.949,555.1313504471576,0.12097827145682648
2019-10-22,3523890000,2995.99,2972.5023333333334,559.1352457953818,0.12150858145358637
2019-10-23,3392870000,3004.52,2972.6220000000008,560.8155973822531,0.11996369996058666
2019-10-24,3692600000,3010.29,2972.646,561.2315235029303,0.1198005233097525
2019-10-25,3370370000,3022.55,2973.1513333333337,571.0213408219594,0.12034163899270098
2019-10-28,3521230000,3039.42,2974.5333333333333,598.6486346588714,0.12089561710881452
2019-10-29,3589930000,3036.89,2975.573,619.2302220067373,0.12078622841091663
2019-10-30,3776030000,3046.77,2976.907666666667,646.9884911418105,0.12107428422175406
2019-10-31,4139280000,3037.56,2977.933333333334,665.2270934202077,0.12149286268912801
2019-11-01,3930200000,3066.91,2980.4280000000003,712.7150938282651,0.12332510527564564
2019-11-04,4146850000,3078.27,2983.3110000000006,766.7221008591017,0.1235624709940258
2019-11-05,4486130000,3074.62,2986.911666666667,809.014766264533,0.1205242581338146
2019-11-06,4458190000,3076.78,2989.9753333333338,849.8248264961545,0.11961580810243118
2019-11-07,4144640000,3085.18,2993.5606666666667,892.3491868682232,0.11925009010816873
2019-11-08,3499150000,3093.08,2997.9370000000004,931.9797945483755,0.11767846887492718
2019-11-11,3035530000,3087.01,3001.612666666667,964.418803300476,0.1175821715003688
2019-11-12,3466010000,3091.84,3006.6656666666668,980.5457149698384,0.11039871508012804
2019-11-13,3509280000,3094.04,3013.5466666666666,944.61451018638,0.09357613650543226
2019-11-14,3276070000,3096.63,3019.7466666666664,922.0734919618785,0.0921053572131781
2019-11-15,3335650000,3120.46,3025.3616666666667,943.5416140482753,0.08640280427472471
2019-11-18,3436690000,3122.03,3031.469666666667,946.9012097971408,0.08440764095360462
2019-11-19,3590070000,3120.18,3039.0403333333334,885.2085319785838,0.06655917128389079
2019-11-20,4034890000,3108.46,3045.342333333334,831.1046661506084,0.06595587320031918
2019-11-21,3720560000,3103.54,3050.856,782.533287810672,0.06548247142763249
2019-11-22,3226780000,3110.29,3055.523333333333,762.1963689410607,0.059553164220660586
2019-11-25,3511530000,3133.64,3061.1063333333336,745.9452680749924,0.0613034999102358
2019-11-26,4595590000,3140.52,3065.9343333333336,753.6327808234805,0.056297623562257156
2019-11-27,3033090000,3153.63,3071.3990000000003,759.2699561538843,0.05572613493687292
2019-11-29,1743020000,3140.98,3076.166666666667,752.1687024996284,0.058103187492182934
2019-12-02,3268740000,3113.87,3080.422333333334,709.2637807448733,0.06333439541466605
2019-12-03,3653390000,3093.2,3083.3050000000003,674.6147699339632,0.0652735690837874
2019-12-04,3695030000,3112.76,3087.197333333333,626.454746028248,0.06561342487153225
2019-12-05,3355750000,3117.43,3090.961,580.7725895028588,0.06545043987459802
2019-12-06,3479480000,3145.91,3095.4816666666666,549.2322725335101,0.06932935220622811
2019-12-09,3345990000,3135.96,3099.262,515.7014985346977,0.0701440870648593
2019-12-10,3343790000,3132.52,3102.3653333333336,491.8645933425441,0.06921502799691
2019-12-11,3252540000,3141.63,3105.856666666667,463.57024250605025,0.06919632235491613
2019-12-12,3990690000,3168.57,3109.916666666667,463.0752959693541,0.07225987993425728
2019-12-13,3736870000,3168.8,3114.291333333334,440.5500300109031,0.07119326380517366
2019-12-16,4051790000,3191.45,3118.4426666666673,470.97455723854364,0.06900305820528609
2019-12-17,3837540000,3192.52,3122.2510000000007,501.6935974660668,0.06868884210097807
2019-12-18,4014080000,3191.14,3126.1350000000007,518.9296332397035,0.06849353157643495
2019-12-19,3720450000,3205.37,3130.4213333333337,545.7897012502452,0.06909551166423668
2019-12-20,6454270000,3221.22,3134.9560000000006,588.5413846584149,0.06976786053053881
2019-12-23,3060610000,3224.01,3139.320333333334,628.5631511118285,0.06970601176909079
2019-12-24,1296540000,3223.38,3143.866000000001,653.7034534629674,0.06915298344946885
2019-12-26,2160680000,3239.91,3148.8016666666676,691.0966313833353,0.06997023923032242
2019-12-27,2428670000,3240.02,3153.667666666668,719.5052575689616,0.07006995996739854
2019-12-30,3013290000,3221.29,3157.8230000000012,724.3289353061757,0.073207782540694
2019-12-31,2893810000,3230.78,3161.5003333333343,745.1503793873263,0.07087433278740965
2020-01-02,3458250000,3257.85,3166.0276666666678,785.5166673622018,0.0738453122254439
2020-01-03,3461290000,3234.85,3169.8500000000013,797.5717137439719,0.07766533296719907
2020-01-06,3674070000,3246.28,3174.4440000000013,805.3762193001079,0.07647502227990058
2020-01-07,3420380000,3237.18,3178.898666666668,796.2237968216941,0.07697690049702155
2020-01-08,3720890000,3253.05,3183.657333333335,796.8343078710346,0.07761332642928352
2020-01-09,3638390000,3274.7,3188.3593333333347,824.2989163339103,0.0770785126966435
2020-01-10,3212970000,3265.35,3192.5203333333347,840.5810247254896,0.07805503601999975
2020-01-13,3456380000,3288.13,3197.0036666666683,876.1436722586557,0.07935945451468378
2020-01-14,3665130000,3283.15,3201.742666666668,893.8606861869417,0.07820012091725598
2020-01-15,3716840000,3289.29,3207.5900000000015,888.5818408345484,0.07207445255053328
2020-01-16,3535080000,3316.81,3215.043666666668,874.6706348761699,0.06982455616608778
2020-01-17,3698170000,3329.62,3222.2723333333347,880.1088095740377,0.06896299667767657
2020-01-21,4105340000,3320.79,3229.0510000000013,866.8542241048527,0.07039386457509625
2020-01-22,3619850000,3321.75,3234.9123333333346,870.1061496876499,0.0673332454132341
2020-01-23,3764860000,3325.54,3241.2316666666675,856.1310695851845,0.06569938854548853
2020-01-24,3707130000,3295.47,3246.6633333333343,805.0690453140315,0.07259275776479625
2020-01-27,3823100000,3243.63,3250.063333333334,741.173572299065,0.08830162967843601
2020-01-28,3526720000,3276.24,3253.652333333334,703.0115424372929,0.08948797199260804
2020-01-29,3584500000,3273.4,3257.1390000000006,657.1757483300438,0.08962573644339324
2020-01-30,3787250000,3283.66,3260.2126666666672,630.8984489189322,0.0880121386529683
2020-01-31,4527830000,3225.52,3261.312666666667,606.924658751014,0.1033323096097478
2020-02-03,3757910000,3248.92,3263.238666666667,570.9075525173996,0.10520272246735964
2020-02-04,3995320000,3297.59,3266.312666666667,551.9295268794708,0.1126921159625666
2020-02-05,4117730000,3334.69,3270.0950000000007,569.0832972470027,0.11605640973444173
2020-02-06,3868370000,3345.78,3274.154000000001,592.3527119301672,0.11621731441031138
2020-02-07,3730650000,3327.71,3277.6316666666676,591.8201159881709,0.11775384925232138
2020-02-10,3450350000,3352.09,3281.3710000000005,618.398764775468,0.11857852652689595
2020-02-11,3760550000,3357.75,3285.295333333334,643.6125487546291,0.11853867304475463
2020-02-12,3926380000,3379.45,3290.567333333334,669.6472368446831,0.11756482192286104
2020-02-13,3498240000,3373.94,3295.3393333333343,686.8998588409884,0.11786599488126812
2020-02-14,3398040000,3380.16,3299.416333333334,719.585640315909,0.11604657465266971
2020-02-18,3746720000,3370.29,3303.931,721.0501587028405,0.11407242716264154
2020-02-19,3600150000,3386.15,3308.5933333333332,737.6361690762676,0.11431393084377794
2020-02-20,4007320000,3373.23,3313.1283333333336,728.5150331669101,0.11467693926232826
2020-02-21,3899270000,3337.75,3315.951666666667,708.9143428864828,0.1192024111488858
2020-02-24,4842960000,3225.89,3314.324666666667,746.7027355559447,0.1540594007248658
2020-02-25,5591510000,3128.21,3309.7533333333336,912.2900399044245,0.17662488844415805
2020-02-26,5478110000,3116.39,3304.0286666666666,1069.844682122634,0.1749519512348341
2020-02-27,7058840000,2978.76,3293.8823333333335,1425.9400826314838,0.21384455433309296
2020-02-28,8563850000,2954.22,3282.7133333333336,1732.9545835380316,0.21378985484623175
2020-03-02,6376400000,3090.23,3275.160666666667,1816.6202033655375,0.25571001244679104
2020-03-03,6355940000,3003.37,3264.285666666667,1971.1450145222418,0.26568450449705194
2020-03-04,5035480000,3130.12,3257.9300000000003,2000.8887848322897,0.2966314840306016
2020-03-05,5575550000,3023.94,3248.003,2101.961791722057,0.3107719706541095
2020-03-06,6552140000,2972.37,3236.2306666666673,2233.8435104005735,0.3131602478792033
2020-03-09,8423050000,2746.56,3217.933666666667,2637.3985457272743,0.3769439331321077
2020-03-10,7635960000,2882.23,3205.887,2809.1990132440396,0.4079838079300102
2020-03-11,7374110000,2741.38,3188.0583333333334,3104.9419921649555,0.4261746172616944
2020-03-12,8829380000,2480.64,3161.6330000000003,3707.2893402701143,0.49852801482384174
2020-03-13,8258670000,2711.02,3142.545,3909.4846157878496,0.5784889772485776
2020-03-16,7781540000,2386.13,3114.5653333333335,4471.248580032888,0.6659926256766266
2020-03-17,8358500000,2529.19,3090.5743333333335,4760.545678988768,0.6941748162060963
2020-03-18,8755780000,2398.1,3060.591333333334,5120.831031552915,0.7024406421353899
2020-03-19,7946710000,2409.39,3029.7480000000005,5385.816721478442,0.701007799413959
2020-03-20,9044690000,2304.92,2995.0526666666674,5691.278896273366,0.706440587766038
2020-03-23,7402180000,2237.4,2958.7090000000003,6006.072243551506,0.708078143185068
2020-03-24,7547350000,2447.33,2928.5503333333336,6063.291287528519,0.7704108400567765
2020-03-25,8285670000,2475.56,2899.1440000000002,6059.7402541096835,0.7721560303947569
2020-03-26,7753160000,2630.07,2874.164666666667,5931.465104030934,0.7984450495288875
2020-03-27,6194330000,2541.47,2846.415666666667,5811.4459808804295,0.8019380808267794
2020-03-30,5746220000,2626.65,2821.298666666667,5617.169520911234,0.8105782412947984
2020-03-31,6568290000,2584.59,2795.108666666667,5407.558056424912,0.810879217781477
2020-04-01,5947900000,2470.5,2764.5870000000004,5184.487699809408,0.8168064599666139
2020-04-02,6454990000,2526.9,2736.3760000000007,4893.190422389125,0.8219580424925783
2020-04-03,6087190000,2488.65,2708.072666666667,4596.208008803384,0.8221763233849881
2020-04-06,6391860000,2663.68,2689.3323333333333,4326.742393348861,0.8492908527511128
2020-04-07,7040720000,2659.41,2673.7056666666667,4122.023247481109,0.8459254773937833
2020-04-08,5856370000,2749.98,2661.4919999999997,3911.5004024692144,0.8530948878878527
2020-04-09,7880140000,2789.82,2655.1940000000004,3815.4823067577813,0.8452565580818919
2020-04-13,5274310000,2761.63,2648.7743333333337,3724.0575324089787,0.8454165552786186
2020-04-14,5567400000,2846.06,2640.6353333333336,3534.980077720725,0.8391253534611406
2020-04-15,5203390000,2783.36,2633.301666666667,3393.4821104695598,0.8376266177316637
2020-04-16,5179990000,2799.55,2622.2826666666674,3095.057876363055,0.8278337491569373
2020-04-17,5792140000,2874.56,2617.303333333334,2953.654159981083,0.8264382800854264
2020-04-20,5220160000,2823.16,2612.3296666666674,2826.7189837591945,0.8265868819049585
2020-04-21,5075830000,2736.56,2611.9963333333344,2822.7383702599354,0.8006156238402841
2020-04-22,5049660000,2799.31,2609.2323333333343,2763.3632265254055,0.790356144625294
2020-04-23,5756520000,2797.8,2611.1130000000007,2791.5034486245127,0.7765558986789451
2020-04-24,5374480000,2836.74,2622.983000000001,2837.288206111193,0.7205344604428104
2020-04-27,5194260000,2878.48,2628.565000000001,2922.6669088081994,0.6721441766881006
2020-04-28,5672880000,2863.39,2644.473666666667,2905.9326663793663,0.5636372002147169
2020-04-29,6620140000,2939.51,2658.1510000000003,3006.0926118483544,0.5441992511225139
2020-04-30,6523120000,2912.43,2675.2953333333335,2989.008475853435,0.5185409159334993
2020-05-01,4753160000,2830.71,2689.339333333334,2911.740823426621,0.5284041590917558
2020-05-04,4723140000,2842.74,2707.2666666666673,2704.587375986514,0.5074278939761485
2020-05-05,5129590000,2868.44,2728.3013333333342,2346.640746212666,0.49529291250749097
2020-05-06,4861920000,2848.42,2741.6710000000007,2213.481376905053,0.42622778811919987
2020-05-07,5164640000,2881.19,2755.192000000001,2098.9596540567068,0.4262240053267822
2020-05-08,4857160000,2929.8,2765.1830000000004,2123.3224779168095,0.3923963033830658
2020-05-11,4807320000,2930.19,2778.140333333334,2065.534040791414,0.3761539721594724
2020-05-12,5107710000,2870.12,2786.2560000000008,2030.6047980110059,0.3731675437751206
2020-05-13,6143130000,2820.0,2794.103000000001,1940.0508248974536,0.3738400731092657
2020-05-14,5641920000,2852.5,2806.836333333334,1685.5835673017393,0.34642258518716695
2020-05-15,5477040000,2863.7,2818.063000000001,1468.1531796757788,0.34229080129699574
2020-05-18,6364290000,2953.91,2833.571666666668,1144.6377381845243,0.34582899264715616
2020-05-19,4969330000,2922.94,2842.2136666666684,1053.2410718900737,0.2899008162893679
2020-05-20,4992970000,2971.61,2852.6203333333347,967.5717517431386,0.2920584776127786
2020-05-21,4966940000,2948.51,2859.2380000000016,955.579728602533,0.2793766994573977
2020-05-22,3952800000,2955.45,2864.759000000001,971.4680422316779,0.27704711864063103
2020-05-26,5837060000,2991.77,2872.4303333333346,988.0125768354402,0.2760956309982612
2020-05-27,6371230000,3036.13,2878.7660000000014,1092.0272858130224,0.2659256364166727
2020-05-28,5402670000,3029.73,2886.9783333333344,1137.4904512491019,0.2561810256998945
2020-05-29,7275080000,3044.31,2895.137000000001,1193.820766833471,0.2561001267534864
2020-06-01,4673410000,3055.73,2901.176000000001,1279.1124505720177,0.2459436407461715
2020-06-02,5187230000,3080.82,2909.764666666668,1358.1021857466023,0.23900027857732392
2020-06-03,5989560000,3122.87,2922.641666666668,1391.0993178777699,0.21832088428593008
2020-06-04,6428130000,3112.35,2933.076333333335,1444.7599387890073,0.21225289974199632
2020-06-05,8617590000,3193.93,2946.2806666666675,1572.941620424408,0.22164367037336208
2020-06-08,8437380000,3232.39,2959.4690000000005,1742.3711051643368,0.22101794453981555
2020-06-09,6382620000,3207.18,2970.4256666666674,1865.6816390654744,0.2215683201765787
2020-06-10,6570840000,3190.14,2981.317333333334,1941.5911954661094,0.2215932320481016
2020-06-11,7018890000,3002.1,2983.4036666666675,1938.3515243945155,0.27665593273462613
2020-06-12,5832250000,3041.31,2987.699666666668,1933.329004581737,0.2771462618060091
2020-06-15,5740660000,3066.59,2995.562333333334,1887.2104718398027,0.2630176278518424
2020-06-16,5829240000,3124.74,3004.9623333333343,1865.6333988998858,0.26714348285091855
2020-06-17,4549390000,3113.49,3013.1306666666674,1844.880073850523,0.2672939008083354
2020-06-18,4429030000,3115.34,3022.0280000000007,1799.4380696527196,0.265764414221118
2020-06-19,8327780000,3097.74,3029.2463333333344,1761.2052099231096,0.26571636902775037
2020-06-22,4665380000,3117.86,3035.515000000001,1753.2533169863761,0.26254149079068123
2020-06-23,4704830000,3131.29,3042.2183333333337,1745.1345683532934,0.262533278408654
2020-06-24,5587200000,3050.33,3048.225333333334,1667.1205446698305,0.2670037945519865
2020-06-25,4815420000,3083.76,3057.017333333334,1522.3324122364722,0.2614930221449915
2020-06-26,8098120000,3009.05,3062.2356666666674,1402.4712825780218,0.2718308226902968
2020-06-29,4462770000,3053.24,3068.5536666666676,1270.7115653884161,0.27429612764689376
2020-06-30,4696280000,3100.29,3073.4330000000004,1225.9869366849734,0.2631404989096253
2020-07-01,4443130000,3115.86,3079.863666666667,1145.0331040470228,0.2607028503510592
2020-07-02,4190830000,3130.01,3085.1436666666673,1106.2783830661263,0.2572358074676746
2020-07-06,4736450000,3179.72,3092.850666666667,1060.126685074783,0.25866848601316866
2020-07-07,4563700000,3145.32,3099.179666666668,986.5585253160751,0.26160045281444483
2020-07-08,4927700000,3169.94,3105.1186666666677,952.5549532186543,0.260423838617784
2020-07-09,4829020000,3152.05,3108.9826666666677,938.7493034336914,0.2584557701276385
2020-07-10,4515340000,3185.04,3114.1596666666674,932.7116566586251,0.2595480942817241
2020-07-13,4890780000,3155.22,3117.8566666666675,915.7738215260247,0.2613633029564589
2020-07-14,4476170000,3197.52,3122.583000000001,924.3513311532445,0.26362971493817194
2020-07-15,4669760000,3226.56,3127.4410000000007,962.8409849308899,0.2638301745489821
2020-07-16,3961230000,3215.57,3130.5310000000013,995.9328459014854,0.26172773604495775
2020-07-17,3993830000,3224.73,3134.277000000001,1030.7565093848348,0.2614235021983491
2020-07-20,3971200000,3251.84,3136.207333333334,1072.6909490432001,0.2515983144131002
2020-07-21,4547960000,3257.3,3137.037666666668,1094.3113851124754,0.24932976079523686
2020-07-22,4255190000,3276.02,3139.3323333333346,1149.4530254597182,0.24855926595095043
2020-07-23,4290460000,3235.66,3140.8496666666683,1174.2409929637204,0.25088257033693
2020-07-24,3894900000,3215.63,3147.967333333335,1116.664602277623,0.17813319646994052
2020-07-27,3963910000,3239.41,3154.5706666666683,1099.7189992779606,0.17591709447225395
2020-07-28,4027890000,3218.44,3159.6323333333353,1082.0755055434138,0.17664551760680575
2020-07-29,4676300000,3258.44,3164.0890000000018,1113.5380050497242,0.17204318590352208
2020-07-30,4254010000,3246.22,3168.513333333335,1127.4893672160608,0.17208201796788689
2020-07-31,5117260000,3271.12,3173.7060000000015,1153.7416239141892,0.17299607099484474
2020-08-03,4643640000,3294.61,3180.268333333335,1181.8503423106115,0.17226398289543787
2020-08-04,4621670000,3306.51,3186.556666666668,1221.1076727916825,0.1718288160708908
2020-08-05,4732220000,3327.77,3193.1060000000016,1275.4067842958705,0.17218436578494828
2020-08-06,4267490000,3349.16,3203.067000000002,1278.779033959385,0.15074578994461285
2020-08-07,4104860000,3351.28,3211.984333333335,1296.8201890088544,0.14906705587635313
2020-08-10,4318570000,3360.47,3223.698333333335,1216.4293795475471,0.12511483428643155
2020-08-11,5087650000,3333.69,3233.0466666666684,1144.360221897316,0.1250877360634946
2020-08-12,3768560000,3380.35,3242.3820000000023,1149.8881457105583,0.12392739380461691
2020-08-13,3648810000,3373.43,3250.9676666666687,1145.9303748965112,0.12457557512333797
2020-08-14,3193400000,3372.85,3259.0623333333356,1139.3095803070353,0.12471276095865018
2020-08-17,3671290000,3381.99,3265.804666666669,1167.383253312525,0.11812173752455137
2020-08-18,3881310000,3389.78,3273.9533333333356,1163.1374794058702,0.11160887016749048
2020-08-19,3884480000,3374.85,3280.783666666669,1155.4986781639395,0.11218503678813471
2020-08-20,3642850000,3385.51,3288.5656666666687,1127.2473514074602,0.10977037663154533
2020-08-21,3705420000,3397.16,3295.6363333333356,1125.6093485065992,0.10714575201058309
2020-08-24,3728690000,3431.28,3304.8383333333354,1110.6183186973387,0.1036964572484617
2020-08-25,3619300000,3443.62,3313.041666666669,1132.7908550453358,0.09877508949500595
2020-08-26,3754360000,3478.73,3321.4473333333353,1199.3161605508553,0.09947086909857608
2020-08-27,3929560000,3484.55,3330.4133333333352,1245.4548926168447,0.09791384842460407
2020-08-28,3855880000,3508.01,3339.8560000000016,1305.7319890680528,0.09860975674179666
2020-08-31,4342290000,3500.31,3348.138333333335,1357.739195058587,0.09818522593863235
2020-09-01,4083110000,3526.65,3357.116666666668,1423.9543470397764,0.09922933582873218
2020-09-02,4285190000,3580.84,3367.2773333333344,1542.2449109299382,0.10553627984446785
2020-09-03,4898680000,3455.06,3374.590666666668,1510.2996968059088,0.14688595429971543
2020-09-04,4431440000,3426.96,3381.635000000001,1439.5576959721618,0.14795777604422888
2020-09-08,4665600000,3331.84,3384.716000000001,1384.06076347311,0.1705183026175092
2020-09-09,3920830000,3398.96,3390.7333333333345,1291.3942367676786,0.17768914881629835
2020-09-10,4192250000,3339.19,3393.425000000001,1239.683053389136,0.18340927922429914
2020-09-11,3704450000,3340.97,3396.5833333333344,1170.3950816585577,0.18288871833984177
2020-09-14,3832130000,3383.54,3400.3306666666676,1109.4403949519847,0.1850678002902301
2020-09-15,4051460000,3401.2,3403.8836666666675,1063.2265078086903,0.18460303802223751
2020-09-16,4710030000,3385.49,3406.5163333333344,1024.300554227035,0.18518107660897448
2020-09-17,4371940000,3357.01,3407.491000000001,1008.1452432849557,0.186290376635993
2020-09-18,7068700000,3319.47,3406.501333333334,1026.5766956534599,0.188286272423029
2020-09-21,4828350000,3281.06,3404.1606666666676,1078.2715719179344,0.19110250519336444
2020-09-22,3963300000,3315.57,3402.664000000001,1101.6792863277499,0.1936089607215975
2020-09-23,4364500000,3236.92,3399.438333333334,1186.7428845685063,0.20407729219968967
2020-09-24,4599470000,3246.59,3394.979666666667,1266.1054810160276,0.19953772159836103
2020-09-25,3792220000,3298.46,3392.4806666666677,1295.4971775077559,0.2056696958573123
2020-09-28,3946060000,3351.6,3391.7723333333342,1299.7522341609679,0.21134599381166325
2020-09-29,3651880000,3335.47,3390.2216666666673,1309.7493166217964,0.2115938129786496
2020-09-30,4722530000,3363.0,3389.3290000000006,1312.1253928407427,0.21294679621543197
2020-10-01,4070530000,3380.8,3389.527333333334,1311.6680979128446,0.21312847515567743
2020-10-02,3961550000,3348.42,3388.2910000000006,1317.0491177810427,0.21475476696826537
2020-10-05,3686920000,3408.6,3388.6723333333343,1318.1354427187175,0.22098111764112088
2020-10-06,4443380000,3360.97,3386.3286666666677,1314.13181597936,0.22264742042761304
2020-10-07,3807830000,3419.44,3385.522666666668,1306.8198200763513,0.22842226524557707
2020-10-08,3856190000,3446.83,3384.4593333333346,1290.213866203736,0.22764992555097874
2020-10-09,3939060000,3477.14,3384.2123333333348,1285.3883862486905,0.22909178331927188
2020-10-12,3428970000,3534.22,3385.0860000000016,1309.345290796356,0.233235015257792
2020-10-13,3605150000,3511.93,3385.4733333333347,1318.6312995540852,0.2339288178633214
2020-10-14,3840630000,3488.67,3384.2073333333346,1287.5245211858048,0.23368129923019187
2020-10-15,3717640000,3483.34,3380.9573333333346,1185.0659176630109,0.22894938768256848
2020-10-16,4675890000,3483.81,3381.915666666668,1203.4741936976152,0.20454347850848345
2020-10-19,4086200000,3426.92,3381.9143333333345,1203.4611895521161,0.2088344093390296
2020-10-20,3901260000,3443.12,3385.6236666666678,1206.439304792629,0.1917253142728197
2020-10-21,4097750000,3435.56,3386.8436666666676,1214.5909236632174,0.1832546744186218
2020-10-22,4163630000,3453.49,3390.6536666666675,1220.782927145759,0.17553978141542143
2020-10-23,3646570000,3465.39,3394.801000000001,1230.0053290827352,0.17564921609295672
2020-10-26,3988080000,3400.97,3395.382000000001,1229.6559978626183,0.18126419142002134
2020-10-27,3946990000,3390.68,3395.0313333333343,1229.601479135946,0.1808685311192248
2020-10-28,5129860000,3271.03,3391.216000000001,1280.9952885830392,0.20749626960043216
2020-10-29,4903070000,3310.11,3389.6526666666678,1298.963667743166,0.20960933078085353
2020-10-30,4840450000,3269.96,3388.0023333333347,1329.7690319334404,0.21005074452031466
2020-11-02,4310590000,3310.24,3388.9750000000013,1311.9468607109038,0.2104368471136034
2020-11-03,4220070000,3369.16,3390.7613333333347,1294.9757322304308,0.21450372152780925
2020-11-04,4783040000,3443.44,3397.6453333333347,1217.8107161355892,0.21034099528438402
2020-11-05,4841190000,3510.45,3406.440666666668,1172.6864055131398,0.21624691028979057
2020-11-06,4833950000,3509.44,3413.4733333333347,1163.2573307259709,0.21267669942157985
2020-11-09,8556610000,3550.5,3420.1033333333344,1213.0958150625052,0.21053528817718056
2020-11-10,6024230000,3545.53,3427.1053333333343,1238.2578212414335,0.2098054896317719
2020-11-11,4609970000,3572.66,3434.0940000000014,1291.8747298907815,0.2096598669151342
2020-11-12,4890120000,3537.01,3439.301000000001,1315.0017980318166,0.2122959199173467
2020-11-13,4709670000,3585.15,3447.192000000001,1351.3222868463195,0.2123304252321096
2020-11-16,5281980000,3626.91,3454.4690000000005,1442.2165736352583,0.20905699342689438
2020-11-17,4799570000,3609.53,3462.7543333333338,1481.573809954824,0.20454643998546115
2020-11-18,5274450000,3567.79,3467.6993333333335,1506.0716825521324,0.20338983400197205
2020-11-19,4347200000,3581.87,3472.2006666666666,1540.2773662063144,0.20259840540838212
2020-11-20,4218970000,3557.54,3474.8806666666665,1560.017635247093,0.20266565534744763
2020-11-23,5036290000,3577.59,3476.326333333333,1579.2977965767795,0.19781728436903095
2020-11-24,6267570000,3635.41,3480.4423333333334,1642.7611841293028,0.20179523318351067
2020-11-25,4902560000,3629.65,3485.141666666667,1698.7572607435077,0.20061604814453984
2020-11-27,2778450000,3638.35,3490.308666666667,1755.7786424860465,0.20044090639454995
2020-11-30,6291400000,3621.63,3494.9026666666673,1796.3144178027374,0.20119442049671582
2020-12-01,5403660000,3662.45,3502.753666666667,1847.823992942199,0.19592619292700644
2020-12-02,5029620000,3669.01,3510.2833333333338,1899.7272892846543,0.19579383971331463
2020-12-03,5091760000,3666.72,3517.988666666667,1938.459103074601,0.19554046737384181
2020-12-04,5086370000,3699.12,3526.176333333334,1997.2713987069333,0.19629784372610676
2020-12-07,4788560000,3691.96,3533.7286666666673,2044.7357370987038,0.19666018514462466
2020-12-08,4549670000,3702.25,3543.7713333333336,2061.135534415582,0.18653329271398983
2020-12-09,5209940000,3672.82,3553.176000000001,2041.145973997048,0.18842872320453655
2020-12-10,4618240000,3668.1,3566.4116666666678,1882.4519927983577,0.15082167158635448
2020-12-11,4367150000,3663.46,3578.1900000000014,1737.3757630356076,0.14952836963085578
2020-12-14,4594920000,3647.49,3590.7743333333347,1480.9980527957769,0.1441000178984513
2020-12-15,4360280000,3694.62,3603.587000000001,1249.1582002386438,0.144424069054517
2020-12-16,4056950000,3701.17,3614.654000000001,1064.7371608274264,0.13817056303927946
2020-12-17,4184930000,3722.48,3623.955333333334,978.4737776212128,0.12640063794205705
2020-12-18,7068340000,3709.41,3630.5873333333343,947.3374722684738,0.11700888627024969
2020-12-21,4732160000,3694.92,3636.770000000001,892.1389343462204,0.11805287292163243
2020-12-22,4023940000,3687.26,3641.3286666666672,864.8546224590608,0.11466055274837106
2020-12-23,3772630000,3690.01,3646.144666666667,826.3002995420418,0.11439217530442529
2020-12-24,1885090000,3703.06,3650.4913333333334,811.8322587246755,0.1130381930401534
2020-12-28,3527460000,3735.36,3657.1030000000005,773.5368112113883,0.10988932771426031
2020-12-29,3387030000,3727.04,3661.832666666667,768.1418871391428,0.10461284833536207
2020-12-30,3145200000,3732.04,3665.337,786.8129854535691,0.09992685330209661
2020-12-31,3172510000,3756.07,3670.221666666667,810.7581447465212,0.09959840546249525
2021-01-04,5006680000,3700.65,3674.6503333333335,754.3788474260374,0.10354384504743357
2021-01-05,4582620000,3726.86,3679.483333333334,715.4598317626811,0.10464919026230089
2021-01-06,6049970000,3748.14,3685.8366666666675,642.7317665196285,0.10245198114591729
2021-01-07,5080870000,3803.79,3693.3766666666675,646.0363176272754,0.10876321888573684
2021-01-08,4764180000,3824.68,3699.6856666666667,726.3626684531272,0.10085803521692835
2021-01-11,4450500000,3799.61,3705.3510000000006,750.5851162730302,0.10326989799627753
2021-01-12,4977210000,3801.19,3710.7790000000005,772.3365300791559,0.1032878341499469
2021-01-13,4590420000,3809.84,3717.052666666667,776.1791913564055,0.10168253409185143
2021-01-14,5180140000,3795.54,3721.489,790.5354231838425,0.09868615844468345
2021-01-15,5353060000,3768.25,3724.797,785.5969586873326,0.10161533370801303
2021-01-19,4982940000,3798.91,3729.2033333333334,794.0537835493959,0.10361855223160969
2021-01-20,4551790000,3851.85,3734.2943333333337,864.0672186165308,0.10785089814058581
2021-01-21,4484460000,3853.07,3739.664666666667,919.8428518420544,0.10744749734880965
2021-01-22,5080430000,3841.47,3744.305333333334,958.3292003392335,0.10813082060835165
2021-01-25,6955860000,3855.36,3750.3900000000003,985.6513368274319,0.10471901804001997
2021-01-26,6029090000,3849.62,3756.440666666667,994.3263078178317,0.10477010398443017
2021-01-27,9878040000,3750.77,3759.351,954.7934856823161,0.1311958484198614
2021-01-28,6937960000,3787.38,3764.014,896.6919451448049,0.13272703092801702
2021-01-29,6612570000,3714.24,3764.668,885.2275796391446,0.14081050974220632
2021-02-01,5392870000,3773.86,3767.0910000000003,864.7513724872573,0.1480772940746586
2021-02-02,5495370000,3826.31,3770.5520000000006,870.547116688374,0.15231676506376673
2021-02-03,4846900000,3830.17,3774.5773333333336,867.1960670109456,0.15172547647169612
2021-02-04,4856670000,3871.74,3780.471333333334,877.4222976199117,0.1535026754541825
2021-02-05,4838580000,3886.83,3787.1236666666673,883.8175612229561,0.15323471599288102
2021-02-08,4635030000,3915.59,3794.643000000001,909.8636586808653,0.1540467559516488
2021-02-09,4554610000,3911.23,3801.582000000001,927.6476253713296,0.15423983529745489
2021-02-10,4815380000,3909.88,3807.399333333334,956.8265569153177,0.1529732059204401
2021-02-11,4570080000,3916.38,3813.7106666666677,975.8194954151043,0.1525493430934124
2021-02-12,4119260000,3934.83,3820.470333333335,1004.9017025775173,0.15279331011401023
2021-02-16,5037360000,3932.59,3826.3543333333346,1036.3390193789412,0.15229777440026232
2021-02-17,4718280000,3931.33,3834.043666666668,1008.4809563628767,0.14438786313854246
2021-02-18,4773430000,3913.97,3840.280666666668,981.1089066429573,0.1447561183081024
2021-02-19,4823940000,3906.71,3845.566333333335,959.0950647399859,0.14458389892768192
2021-02-22,5870190000,3876.5,3847.990000000002,954.7153211494789,0.14113483350810765
2021-02-23,6280650000,3881.37,3849.8796666666685,956.82344872822,0.1404093011009733
2021-02-24,5942350000,3925.43,3854.0736666666685,968.7960818467755,0.14214010469521665
2021-02-25,6513060000,3829.34,3855.0120000000015,958.8274342177307,0.1603641952340723
2021-02-26,6512950000,3811.15,3855.055666666668,958.2985117370903,0.16090229068456752
2021-03-01,5071540000,3901.82,3858.598333333335,950.4146111164929,0.17446002951166065
2021-03-02,5493690000,3870.29,3861.9996666666684,911.332939672799,0.17484121008596795
2021-03-03,6150790000,3819.72,3862.693333333335,900.7486729245961,0.1780379910081025
2021-03-04,7142240000,3768.47,3859.9140000000016,940.9887294668885,0.17740679152556552
2021-03-05,6842570000,3841.94,3859.543000000001,942.2442367367978,0.18679268289079665
2021-03-08,5852240000,3821.35,3858.8723333333346,947.388125159936,0.18724191086137
2021-03-09,5496340000,3875.44,3859.5416666666683,948.528055188081,0.19150583388951783
2021-03-10,5827250000,3898.81,3861.181333333335,954.7505780090064,0.1921535827008235
2021-03-11,5300010000,3939.34,3867.4670000000015,921.0860080744771,0.1773293501312597
2021-03-12,4469240000,3943.34,3872.6656666666677,914.1351239724963,0.17567731379790724
2021-03-15,4882190000,3968.94,3881.1556666666675,824.1939871741181,0.16481823786201732
2021-03-16,4604870000,3962.71,3887.450666666668,791.6582468796541,0.1598477924433526
2021-03-17,4541620000,3974.12,3892.3776666666677,808.1979521926608,0.15566316092632895
2021-03-18,4043170000,3915.46,3895.220666666668,788.7201597639395,0.16248872103528955
2021-03-19,7725050000,3913.1,3896.5993333333345,787.1282294107423,0.15968854863083337
2021-03-22,4311380000,3940.59,3898.3913333333344,796.6934182638504,0.16053828593608915
2021-03-23,4645340000,3910.52,3898.2223333333345,795.8774377815762,0.16084117536844872
2021-03-24,4766990000,3889.14,3897.4860000000017,795.315074769727,0.1615978022143515
2021-03-25,4940800000,3909.52,3897.4740000000015,795.2670074219774,0.1623448866798064
2021-03-26,5467850000,3974.54,3899.412666666668,824.6048458822692,0.1692871208297637
2021-03-29,4619840000,3971.09,3900.6213333333344,844.5924715392582,0.16886618521322705
2021-03-30,4103570000,3958.55,3901.486666666668,856.3997831315035,0.16915643371347638
2021-03-31,4564980000,3972.89,3902.872000000001,877.2027799074375,0.16942180807107948
2021-04-01,4151240000,4019.87,3906.402000000001,940.273707840772,0.1719259493832603
2021-04-05,3999760000,4077.91,3912.1086666666674,1063.5931297913555,0.17605417921434285
2021-04-06,4027880000,4073.94,3918.690000000001,1156.0697421015732,0.1740557948646195
2021-04-07,4112640000,4079.95,3925.309333333334,1240.5421476407478,0.1740519334045064
2021-04-08,3901910000,4097.17,3931.034000000001,1336.8095782344265,0.17183680028171217
2021-04-09,3634910000,4128.8,3941.0160000000014,1418.126793588554,0.15397247412843293
2021-04-12,3578500000,4127.99,3951.577333333335,1462.6131743598355,0.15265419024364618
2021-04-13,3728440000,4141.59,3959.569666666668,1553.9658043661072,0.13900704747897358
2021-04-14,3976540000,4124.66,3968.0486666666684,1601.1367216130527,0.1369505546579924
2021-04-15,4027680000,4170.42,3979.7386666666685,1640.9469663837285,0.13139794047989112
2021-04-16,4157430000,4185.47,3993.638666666668,1619.34372309229,0.12187230292381006
