Date,Open,Adj Close(dividends and splits),Change,Close to Open Change,Formatted Change
2017-01-04,2261.6,2270.75,0.00572230858833489,0.001669744843500167,1.005722308588335
2017-01-05,2268.18,2269.0,-0.0007706704833204681,-0.0011317846526478757,0.9992293295166795
2017-01-06,2271.14,2276.98,0.00351696782723665,0.0009431467606874714,1.0035169678272367
2017-01-09,2273.59,2268.9,-0.0035485599346501973,-0.0014888141309980206,0.9964514400653498
2017-01-10,2269.72,2268.9,0.0,0.0003614086121026528,1.0
2017-01-11,2268.6,2275.32,0.002829564987438804,-0.00013222266296451226,1.0028295649874388
2017-01-12,2271.14,2270.44,-0.002144753265474808,-0.001837104231492841,0.9978552467345252
2017-01-13,2272.74,2274.64,0.0018498617008155804,0.0010130195028275255,1.0018498617008156
2017-01-17,2269.14,2267.89,-0.0029675025498540064,-0.002417965040621813,0.997032497450146
2017-01-18,2269.14,2271.89,0.0017637539739581154,0.000551173116861929,1.0017637539739581
2017-01-19,2271.9,2263.69,-0.0036093296770529637,4.401621557477818e-06,0.996390670322947
2017-01-20,2269.96,2271.31,0.003366185299223723,0.0027698138879440125,1.0033661852992237
2017-01-23,2267.78,2265.2,-0.0026900775323491777,-0.0015541691799004739,0.9973099224676508
2017-01-24,2267.88,2280.07,0.006564541762317022,0.0011831184884338209,1.006564541762317
2017-01-25,2288.88,2298.37,0.008026069375062894,0.003863916458705191,1.008026069375063
2017-01-26,2298.63,2296.68,-0.0007353037152416642,0.00011312364849881363,0.9992646962847583
2017-01-27,2299.02,2294.69,-0.000866468119198105,0.0010188620095094422,0.9991335318808019
2017-01-30,2286.01,2280.9,-0.006009526341248739,-0.003782646021902669,0.9939904736587513
2017-01-31,2274.02,2278.87,-0.0008899995615766487,-0.0030163531939147305,0.9991100004384234
2017-02-01,2285.59,2279.55,0.00029839350204285964,0.0029488299025395284,1.0002983935020429
2017-02-02,2276.69,2280.85,0.0005702879954376794,-0.001254633589962987,1.0005702879954377
2017-02-03,2288.54,2297.42,0.007264835478001608,0.003371550080014054,1.0072648354780016
2017-02-06,2294.28,2292.56,-0.002115416423640437,-0.0013667505288540505,0.9978845835763596
2017-02-07,2295.87,2293.08,0.00022682067208701362,0.0014438008165543958,1.000226820672087
2017-02-08,2289.55,2294.67,0.0006933905489561187,-0.001539414237619161,1.0006933905489561
2017-02-09,2296.7,2307.87,0.0057524611382027135,0.0008846587962538165,1.0057524611382027
2017-02-10,2312.27,2316.1,0.0035660587468098193,0.001906519864637129,1.0035660587468098
2017-02-13,2321.72,2328.25,0.005245887483269263,0.0024264928111911795,1.0052458874832693
2017-02-14,2326.12,2337.58,0.004007301621389514,-0.0009148502093847779,1.0040073016213895
2017-02-15,2335.58,2349.25,0.004992342508064018,-0.0008555856911849006,1.004992342508064
2017-02-16,2349.64,2347.22,-0.0008641055656061214,0.00016601042886022036,0.9991358944343939
2017-02-17,2343.01,2351.16,0.0016785814708464297,-0.0017936111655488544,1.0016785814708464
2017-02-21,2354.91,2365.38,0.00604807839534538,0.0015949573827387332,1.0060480783953454
2017-02-22,2361.11,2362.82,-0.0010822785345272479,-0.0018052067743871943,0.9989177214654728
2017-02-23,2367.5,2363.81,0.00041899086684549225,0.0019806840978152528,1.0004189908668455
2017-02-24,2355.73,2367.34,0.001493351834538359,-0.003418210431464427,1.0014933518345384
2017-02-27,2365.23,2369.75,0.001018020225231675,-0.0008912957158668071,1.0010180202252317
2017-02-28,2366.08,2363.64,-0.0025783310475788745,-0.001548686570313355,0.9974216689524211
2017-03-01,2380.13,2395.96,0.013673825117192173,0.006976527728418979,1.0136738251171922
2017-03-02,2394.75,2381.92,-0.0058598641045760624,-0.0005050167782433916,0.9941401358954239
2017-03-03,2380.92,2383.12,0.0005037952576072424,-0.00041982938133942367,1.0005037952576072
2017-03-06,2375.23,2375.31,-0.0032772164221692712,-0.0033107858605524996,0.9967227835778307
2017-03-07,2370.74,2368.39,-0.0029133039476952893,-0.0019239593989837805,0.9970866960523047
2017-03-08,2369.81,2362.98,-0.0022842521713062336,0.0005995634164981581,0.9977157478286938
2017-03-09,2363.49,2364.87,0.0007998374933346764,0.00021582916486799023,1.0007998374933347
2017-03-10,2372.52,2372.6,0.0032686786165836423,0.0032348501186112094,1.0032686786165836
2017-03-13,2371.56,2373.47,0.00036668633566550035,-0.00043833768861163436,1.0003666863356655
2017-03-14,2368.55,2365.45,-0.0033790189048102937,-0.00207291434060663,0.9966209810951897
2017-03-15,2370.34,2385.26,0.008374727853051489,0.0020672599294004643,1.0083747278530515
2017-03-16,2387.71,2381.38,-0.001626657052061442,0.0010271416952448865,0.9983733429479386
2017-03-17,2383.71,2378.25,-0.0013143639402364293,0.0009784242750001794,0.9986856360597636
2017-03-20,2378.24,2373.47,-0.00200988121517931,-4.204772416784728e-06,0.9979901187848207
2017-03-21,2379.32,2344.02,-0.012407993359932812,0.0024647457098679842,0.9875920066400672
2017-03-22,2343.0,2348.45,0.0018899156150544716,-0.0004351498707348836,1.0018899156150545
2017-03-23,2345.97,2345.96,-0.0010602737976110888,-0.0010560156699099485,0.9989397262023889
2017-03-24,2350.42,2343.98,-0.0008440041603438031,0.0019011406844106618,0.9991559958396562
2017-03-27,2329.11,2341.59,-0.0010196332733214408,-0.006343910784221662,0.9989803667266786
2017-03-28,2339.79,2358.57,0.007251482966702083,-0.0007687084416999482,1.007251482966702
2017-03-29,2356.54,2361.13,0.0010854034436120763,-0.0008606910119268031,1.001085403443612
2017-03-30,2361.31,2368.06,0.0029350353432466836,7.62346842401038e-05,1.0029350353432467
2017-03-31,2364.82,2362.72,-0.002255010430479043,-0.0013682085757961292,0.997744989569521
2017-04-03,2362.34,2358.84,-0.0016421751202002621,-0.00016083158393701092,0.9983578248797997
2017-04-04,2354.76,2360.16,0.0005595970900948988,-0.0017296637330212845,1.000559597090095
2017-04-05,2366.59,2352.95,-0.0030548776354145657,0.0027243915666735692,0.9969451223645854
2017-04-06,2353.79,2357.49,0.0019294927644020188,0.0003569986612550822,1.001929492764402
2017-04-07,2356.59,2355.54,-0.0008271509105022279,-0.0003817619586932018,0.9991728490894978
2017-04-10,2357.16,2357.16,0.0006877403907383783,0.0006877403907383831,1.0006877403907384
2017-04-11,2353.92,2353.78,-0.0014339289653649834,-0.00137453545792385,0.998566071034635
2017-04-12,2352.15,2344.93,-0.0037599095922304926,-0.0006925031226368263,0.9962400904077695
2017-04-13,2341.98,2328.95,-0.006814702357852864,-0.0012580332888401011,0.9931852976421471
2017-04-17,2332.62,2349.01,0.008613323600764389,0.0015758174284549145,1.0086133236007644
2017-04-18,2342.53,2342.19,-0.0029033507733046138,-0.002758608945896364,0.9970966492266954
2017-04-19,2346.79,2338.17,-0.0017163423974997372,0.0019639738876862716,0.9982836576025003
2017-04-20,2342.69,2355.84,0.007557192163101911,0.0019331357429100457,1.007557192163102
2017-04-21,2354.74,2348.69,-0.0030350108666123976,-0.0004669247487097442,0.9969649891333876
2017-04-24,2370.33,2374.15,0.010840085324159476,0.009213646756276849,1.0108400853241595
2017-04-25,2381.51,2388.61,0.006090600846618832,0.0031000568624560904,1.0060906008466188
2017-04-26,2388.98,2387.45,-0.0004856380907726221,0.00015490180481530716,0.9995143619092274
2017-04-27,2389.7,2388.77,0.0005528911600243269,0.0009424281136777734,1.0005528911600243
2017-04-28,2393.68,2384.2,-0.0019131184668260692,0.002055451131753938,0.9980868815331739
2017-05-01,2388.5,2388.33,0.00173223722842053,0.0018035399714789791,1.0017322372284205
2017-05-02,2391.05,2391.17,0.001189115406999841,0.0011388710940281514,1.0011891154069998
2017-05-03,2386.5,2388.13,-0.0012713441536987835,-0.0019530188150570945,0.9987286558463012
2017-05-04,2389.79,2389.52,0.000582045366039452,0.0006951045378601057,1.0005820453660395
2017-05-05,2392.37,2399.29,0.004088687267735702,0.0011927081589607573,1.0040886872677357
2017-05-08,2399.94,2399.38,3.751109703298283e-05,0.00027091347857078176,1.000037511097033
2017-05-09,2401.58,2396.92,-0.0010252648600889147,0.0009169035334127225,0.9989747351399111
2017-05-10,2396.79,2399.63,0.0011306176259533451,-5.423626987972445e-05,1.0011306176259533
2017-05-11,2394.84,2394.44,-0.002162833436821554,-0.001996141071748546,0.9978371665631784
2017-05-12,2392.44,2390.9,-0.0014784250179582514,-0.0008352683717278361,0.9985215749820417
2017-05-15,2393.98,2402.32,0.004776444016897363,0.001288217825923262,1.0047764440168974
2017-05-16,2404.55,2400.67,-0.0006868360584768585,0.0009282693396383571,0.9993131639415231
2017-05-17,2382.95,2357.03,-0.01817825856948263,-0.007381272728030197,0.9818217414305174
2017-05-18,2354.69,2365.72,0.0036868431882495223,-0.0009927748055816622,1.0036868431882495
2017-05-19,2371.37,2381.73,0.00676749573068669,0.002388279255364156,1.0067674957306867
2017-05-22,2387.21,2394.02,0.005160114706536767,0.0023008485428659075,1.0051601147065368
2017-05-23,2397.04,2398.42,0.0018379127993919386,0.0012614765123098311,1.001837912799392
2017-05-24,2401.41,2404.39,0.0024891386829661855,0.0012466540472476804,1.0024891386829662
2017-05-25,2409.54,2415.07,0.004441875070184231,0.002141915413056988,1.0044418750701842
2017-05-26,2414.5,2415.82,0.0003105500047617671,-0.0002360180036190105,1.0003105500047618
2017-05-30,2411.67,2412.91,-0.0012045599423798903,-0.0017178432167959908,0.9987954400576201
2017-05-31,2415.63,2411.8,-0.00046002544645251664,0.0011272695624786066,0.9995399745535475
2017-06-01,2415.65,2430.06,0.007571108715482167,0.0015963181026618744,1.0075711087154822
2017-06-02,2431.28,2439.07,0.003707727381216941,0.0005020452169906317,1.003707727381217
2017-06-05,2437.83,2436.1,-0.0012176772294358873,-0.000508390493097876,0.9987823227705641
2017-06-06,2431.92,2429.33,-0.0027790320594393014,-0.0017158573129181219,0.9972209679405607
2017-06-07,2432.03,2433.14,0.001568333655781684,0.0011114175513414286,1.0015683336557817
2017-06-08,2434.27,2433.79,0.0002671445128517025,0.00046442046080377996,1.0002671445128517
2017-06-09,2436.39,2431.77,-0.0008299812227020587,0.0010682926628837776,0.9991700187772979
2017-06-12,2425.88,2429.39,-0.000978710980068076,-0.0024221040641178534,0.9990212890199319
2017-06-13,2434.15,2440.35,0.004511420562363311,0.0019593395873038987,1.0045114205623633
2017-06-14,2443.75,2437.92,-0.0009957588050893973,0.0013932427725531547,0.9990042411949106
2017-06-15,2424.14,2432.46,-0.002239614097263254,-0.005652359388331118,0.9977603859027367
2017-06-16,2431.24,2433.15,0.00028366345181418673,-0.0005015498713237853,1.0002836634518142
2017-06-19,2442.55,2453.46,0.00834720424141544,0.003863304769537468,1.0083472042414154
2017-06-20,2450.66,2437.03,-0.006696665117833511,-0.0011412454248286834,0.9933033348821665
2017-06-21,2439.31,2435.61,-0.0005826764545369123,0.0009355650115098071,0.9994173235454631
2017-06-22,2437.4,2434.5,-0.00045573798760889517,0.0007349288268647129,0.9995442620123911
2017-06-23,2434.65,2438.3,0.0015608954610804027,6.161429451636515e-05,1.0015608954610804
2017-06-26,2443.32,2439.07,0.00031579379075585834,0.002058811467005693,1.0003157937907559
2017-06-27,2436.34,2419.38,-0.008072749039592986,-0.001119279069481408,0.991927250960407
2017-06-28,2428.7,2440.69,0.0088080417296994,0.0038522266035098695,1.0088080417296994
2017-06-29,2442.38,2419.7,-0.008600027041533398,0.0006924271415050885,0.9913999729584666
2017-06-30,2429.2,2423.41,0.0015332479232963436,0.003926106542133323,1.0015332479232963
2017-07-03,2431.39,2429.01,0.0023107934687074394,0.003292880692907935,1.0023107934687074
2017-07-05,2430.78,2432.54,0.0014532669688471778,0.0007286919362209219,1.0014532669688472
2017-07-06,2423.44,2409.75,-0.00936880791271677,-0.003740945678179972,0.9906311920872832
2017-07-07,2413.52,2425.18,0.006403153854134258,0.0015644776429090078,1.0064031538541343
2017-07-10,2424.51,2427.43,0.0009277661864273146,-0.00027626815329155694,1.0009277661864273
2017-07-11,2427.35,2425.53,-0.0007827208199616686,-3.295666610362698e-05,0.9992172791800383
2017-07-12,2435.75,2443.25,0.007305619802682184,0.004213512098386662,1.0073056198026822
2017-07-13,2444.99,2447.83,0.00187455233807432,0.0007121661721067356,1.0018745523380743
2017-07-14,2449.16,2459.27,0.0046735271648765675,0.0005433383854270629,1.0046735271648766
2017-07-17,2459.5,2459.14,-5.286121491343554e-05,9.352368792365954e-05,0.9999471387850866
2017-07-18,2455.88,2460.61,0.0005977699520971491,-0.0013256666964872937,1.0005977699520971
2017-07-19,2463.85,2473.83,0.0053726514969865136,0.0013167466603808736,1.0053726514969865
2017-07-20,2475.56,2473.45,-0.00015360796821128897,0.0006993204868564203,0.9998463920317887
2017-07-21,2467.4,2472.54,-0.0003679071741898854,-0.002445976267965687,0.9996320928258101
2017-07-24,2472.04,2469.91,-0.0010636834995592093,-0.00020222119763482088,0.9989363165004408
2017-07-25,2477.88,2477.13,0.002923183435833865,0.003226838224874694,1.0029231834358339
2017-07-26,2479.97,2477.83,0.0002825850883885206,0.0011464880728906802,1.0002825850883885
2017-07-27,2482.76,2475.42,-0.0009726252406339064,0.0019896441644504633,0.9990273747593661
2017-07-28,2469.12,2472.1,-0.0013411865461215866,-0.002545022662820928,0.9986588134538784
2017-07-31,2475.94,2470.3,-0.0007281258848751415,0.001553335221067168,0.9992718741151249
2017-08-01,2477.1,2476.35,0.002449095251588762,0.002752702100959287,1.0024490952515888
2017-08-02,2480.38,2477.57,0.0004926605689827834,0.00162739515819662,1.0004926605689828
2017-08-03,2476.03,2472.16,-0.0021835911800677232,-0.0006215767869323424,0.9978164088199323
2017-08-04,2476.88,2476.83,0.0018890363083294837,0.0019092615364702345,1.0018890363083295
2017-08-07,2477.14,2480.91,0.001647266869345021,0.00012515998271982553,1.001647266869345
2017-08-08,2478.35,2474.92,-0.002414436638168982,-0.0010318794313376727,0.997585563361831
2017-08-09,2465.35,2474.02,-0.0003636481179190021,-0.0038667916538717064,0.999636351882081
2017-08-10,2465.38,2438.21,-0.01447441815345063,-0.003492291897397706,0.9855255818465494
2017-08-11,2441.04,2441.32,0.0012755258980974293,0.0011606875535741085,1.0012755258980974
2017-08-14,2454.96,2465.84,0.01004374682548792,0.00558714138253071,1.010043746825488
2017-08-15,2468.66,2464.61,-0.0004988158193557357,0.0011436265126689926,0.9995011841806443
2017-08-16,2468.63,2468.11,0.0014201029777529683,0.0016310897058763787,1.001420102977753
2017-08-17,2462.95,2430.01,-0.015436913265616137,-0.0020906685682568074,0.9845630867343839
2017-08-18,2427.64,2425.55,-0.0018353833934839914,-0.0009753046283761571,0.998164616606516
2017-08-21,2425.5,2428.37,0.0011626229102676966,-2.0613881387801486e-05,1.0011626229102677
2017-08-22,2433.75,2452.51,0.009940824503679613,0.002215477871988251,1.0099408245036796
2017-08-23,2444.88,2444.04,-0.003453604674394928,-0.003111098425694537,0.9965463953256051
2017-08-24,2447.91,2438.97,-0.002074434133647607,0.001583443806156974,0.9979255658663524
2017-08-25,2444.72,2443.05,0.0016728373042720346,0.0023575525734223874,1.001672837304272
2017-08-28,2447.35,2444.24,0.00048709604797259054,0.0017600949632630223,1.0004870960479726
2017-08-29,2431.94,2446.3,0.0008427977612674997,-0.005032239059993998,1.0008427977612675
2017-08-30,2446.06,2457.59,0.004615133058087695,-9.810734578761249e-05,1.0046151330580877
2017-08-31,2462.65,2471.65,0.005721051924853171,0.0020589276486313603,1.0057210519248532
2017-09-01,2474.42,2476.55,0.0019824813383773066,0.0011207088382254695,1.0019824813383773
2017-09-05,2470.35,2457.85,-0.007550826754961659,-0.0025034826674205134,0.9924491732450383
2017-09-06,2463.83,2465.54,0.003128750737433128,0.002433020729499367,1.0031287507374331
2017-09-07,2468.06,2465.1,-0.00017845989113951521,0.0010220884674351184,0.9998215401088605
2017-09-08,2462.25,2461.43,-0.001488783416494277,-0.001156139710356541,0.9985112165835057
2017-09-11,2474.52,2488.11,0.01083922760346634,0.005318046826438349,1.0108392276034663
2017-09-12,2491.94,2496.48,0.003363999180100441,0.0015393210107269883,1.0033639991801004
2017-09-13,2493.89,2498.37,0.0007570659488558285,-0.0010374607447286362,1.0007570659488558
2017-09-14,2494.56,2495.62,-0.0011007176679195263,-0.0015249942962811535,0.9988992823320805
2017-09-15,2495.67,2500.23,0.0018472363580994688,2.0035101497897076e-05,1.0018472363580995
2017-09-18,2502.51,2503.87,0.0014558660603223306,0.0009119161037185379,1.0014558660603223
2017-09-19,2506.29,2506.65,0.0011102812845715793,0.0009665038520370757,1.0011102812845716
2017-09-20,2506.84,2508.24,0.0006343127281429606,7.579837631901325e-05,1.000634312728143
2017-09-21,2507.16,2500.6,-0.003045960514145296,-0.00043058080566450073,0.9969540394858547
2017-09-22,2497.26,2502.22,0.0006478445173156988,-0.001335679436935012,1.0006478445173157
2017-09-25,2499.39,2496.66,-0.002222026840165925,-0.0011309956758398252,0.9977779731598341
2017-09-26,2501.04,2496.84,7.209632068461147e-05,0.001754343803321281,1.0000720963206846
2017-09-27,2503.3,2507.04,0.004085163646849521,0.002587270309671439,1.0040851636468495
2017-09-28,2503.41,2510.06,0.0012046078243665992,-0.0014479226498181558,1.0012046078243666
2017-09-29,2509.96,2519.36,0.0037050907149631662,-3.983968510709268e-05,1.0037050907149632
2017-10-02,2521.2,2529.12,0.0038739997459671383,0.0007303442144035352,1.0038739997459671
2017-10-03,2530.34,2534.58,0.002158853672423522,0.0004823812235086729,1.0021588536724235
2017-10-04,2533.48,2537.74,0.0012467548864110167,-0.0004339969541304315,1.001246754886411
2017-10-05,2540.86,2552.07,0.005646756562926125,0.0012294403682017645,1.0056467565629261
2017-10-06,2547.44,2549.33,-0.0010736382622734686,-0.0018142135599729275,0.9989263617377265
2017-10-09,2551.39,2544.73,-0.001804395664743219,0.000808055449863276,0.9981956043352568
2017-10-10,2549.99,2550.64,0.002322446782173193,0.00206701693303406,1.0023224467821732
2017-10-11,2550.62,2555.24,0.001803468933287311,-7.84116927515518e-06,1.0018034689332873
2017-10-12,2552.88,2550.93,-0.0016867300136190755,-0.0009235923044409421,0.9983132699863809
2017-10-13,2555.66,2553.17,0.0008781111202582625,0.0018542257137593029,1.0008781111202583
2017-10-16,2555.57,2557.64,0.0017507647356032052,0.0009400079117332927,1.0017507647356032
2017-10-17,2557.17,2559.36,0.0006724949562879612,-0.00018376315665996775,1.000672494956288
2017-10-18,2562.87,2561.26,0.0007423730932734074,0.0013714366091521957,1.0007423730932734
2017-10-19,2553.39,2562.1,0.0003279635804251946,-0.003072706402317744,1.0003279635804252
2017-10-20,2567.56,2575.21,0.005116896296007312,0.002131064361266163,1.0051168962960073
2017-10-23,2578.08,2564.98,-0.0039724915637947555,0.0011144722177996711,0.9960275084362052
2017-10-24,2568.66,2569.13,0.0016179463387628878,0.0014347090425655702,1.0016179463387629
2017-10-25,2566.52,2557.15,-0.004663057143858063,-0.0010159081089707906,0.9953369428561419
2017-10-26,2560.08,2560.4,0.0012709461705413538,0.0011458068552880497,1.0012709461705414
2017-10-27,2570.26,2581.07,0.008072957350414134,0.003850960787377022,1.0080729573504141
2017-10-30,2577.75,2572.83,-0.0031924744388955872,-0.0012862882447977635,0.9968075255611044
2017-10-31,2575.99,2575.26,0.0009444852555358096,0.0012282195092562878,1.0009444852555358
2017-11-01,2583.21,2579.36,0.001592072256781707,0.003087066936930569,1.0015920722567817
2017-11-02,2579.46,2579.85,0.00018996960486306058,3.876930711490798e-05,1.000189969604863
2017-11-03,2581.93,2587.84,0.0030970792875555375,0.0008062484252960161,1.0030970792875555
2017-11-06,2587.47,2591.13,0.0012713305304810074,-0.00014297638184754296,1.001271330530481
2017-11-07,2592.11,2590.64,-0.00018910668318461443,0.0003782133663691201,0.9998108933168154
2017-11-08,2588.71,2594.38,0.0014436587098169973,-0.0007449896550658665,1.001443658709817
2017-11-09,2584.0,2584.62,-0.003761977813581785,-0.004000955912395296,0.9962380221864182
2017-11-10,2580.18,2582.3,-0.0008976174447306029,-0.0017178540752606011,0.9991023825552694
2017-11-13,2576.53,2584.84,0.0009836192541532451,-0.002234442163962352,1.0009836192541532
2017-11-14,2577.75,2578.87,-0.002309620711533511,-0.0027429163894090716,0.9976903792884665
2017-11-15,2569.45,2564.62,-0.005525675974360822,-0.0036527626441038414,0.9944743240256392
2017-11-16,2572.95,2585.64,0.008196146017733552,0.0032480445446108693,1.0081961460177336
2017-11-17,2582.94,2578.85,-0.0026260422951377427,-0.001044228894973708,0.9973739577048623
2017-11-20,2579.49,2582.14,0.001275762452255913,0.00024817263508923463,1.001275762452256
2017-11-21,2589.17,2599.03,0.006541086075890767,0.0027225479640918776,1.0065410860758908
2017-11-22,2600.31,2597.08,-0.0007502799121211767,0.000492491429494752,0.9992497200878788
2017-11-24,2600.42,2602.42,0.002056155374497548,0.0012860597286183505,1.0020561553744975
2017-11-27,2602.66,2601.42,-0.0003842577293442506,9.22218550425303e-05,0.9996157422706557
2017-11-28,2605.94,2627.04,0.00984846737551015,0.0017375125892781565,1.0098484673755102
2017-11-29,2627.82,2626.07,-0.00036923685973555553,0.00029691211401432796,0.9996307631402644
2017-11-30,2633.93,2647.58,0.008190946928299692,0.0029930656837021375,1.0081909469282997
2017-12-01,2645.1,2642.22,-0.00202449028924534,-0.0009367044621881183,0.9979755097107547
2017-12-04,2657.19,2639.44,-0.0010521455442770167,0.005665690215046535,0.998947854455723
2017-12-05,2639.78,2629.57,-0.003739429575970621,0.00012881520322498164,0.9962605704240294
2017-12-06,2626.24,2629.27,-0.00011408709408766704,-0.0012663667443727992,0.9998859129059123
2017-12-07,2628.38,2636.98,0.0029323728639507607,-0.00033849699726535225,1.0029323728639508
2017-12-08,2646.21,2651.5,0.005506298872194781,0.003500216156360692,1.0055062988721948
2017-12-11,2652.19,2659.99,0.0032019611540636816,0.0002602300584574975,1.0032019611540637
2017-12-12,2661.73,2664.11,0.0015488780033008354,0.0006541377975106059,1.0015488780033008
2017-12-13,2667.59,2662.85,-0.0004729534441145766,0.0013062523694592257,0.9995270465558854
2017-12-14,2665.87,2652.01,-0.004070826370242253,0.0011341232138498158,0.9959291736297577
2017-12-15,2660.63,2675.81,0.008974325134520456,0.0032503648176288513,1.0089743251345205
2017-12-18,2685.92,2690.16,0.005362862086620401,0.003778295170434421,1.0053628620866204
2017-12-19,2692.71,2681.47,-0.003230291135099761,0.0009478990097243963,0.9967697088649002
2017-12-20,2688.18,2679.25,-0.0008279040973793172,0.002502358780817998,0.9991720959026207
2017-12-21,2683.02,2684.57,0.0019856303069889503,0.0014071101987496433,1.001985630306989
2017-12-22,2684.22,2683.34,-0.0004581739347455649,-0.00013037469687896526,0.9995418260652544
2017-12-26,2679.09,2680.5,-0.0010583824636460903,-0.0015838469966534244,0.9989416175363539
2017-12-27,2682.1,2682.62,0.00079089722066783,0.0005969035627681064,1.0007908972206678
2017-12-28,2686.1,2687.54,0.0018340279279212002,0.0012972392660906198,1.0018340279279212
2017-12-29,2689.15,2673.61,-0.005183178668968558,0.0005990608511873785,0.9948168213310314
2018-01-02,2683.73,2695.81,0.008303380074131894,0.003785144430189852,1.008303380074132
2018-01-03,2697.85,2713.06,0.006398818907860759,0.0007567298882339496,1.0063988189078608
2018-01-04,2719.31,2723.99,0.004028661363921104,0.0023036718686649024,1.004028661363921
2018-01-05,2731.33,2743.15,0.007033799683552555,0.002694576705494567,1.0070337996835526
2018-01-08,2742.67,2747.71,0.0016623225124401397,-0.0001749813170989622,1.0016623225124401
2018-01-09,2751.15,2751.29,0.0013029031448006378,0.0012519516251715264,1.0013029031448006
2018-01-10,2745.55,2748.23,-0.0011122055472160275,-0.002086294065692741,0.998887794452784
2018-01-11,2752.97,2767.56,0.007033618001404562,0.0017247464731844793,1.0070336180014046
2018-01-12,2770.18,2786.24,0.006749627831013516,0.0009466822760843093,1.0067496278310135
2018-01-16,2798.96,2776.42,-0.0035244630756861017,0.004565292293557,0.9964755369243139
2018-01-17,2784.99,2802.56,0.009415002053003496,0.0030867087832531495,1.0094150020530035
2018-01-18,2802.4,2798.03,-0.001616379310344751,-5.7090659967977305e-05,0.9983836206896552
2018-01-19,2802.6,2810.3,0.004385228178396927,0.001633291994724756,1.004385228178397
2018-01-22,2809.16,2832.97,0.008066754439027823,-0.0004056506422803001,1.0080667544390278
2018-01-23,2835.05,2839.13,0.002174396481431362,0.0007342117989249382,1.0021743964814314
2018-01-24,2845.42,2837.54,-0.0005600307136341964,0.0022154674143135267,0.9994399692863658
2018-01-25,2846.24,2839.25,0.0006026346765155566,0.0030660360735002214,1.0006026346765156
2018-01-26,2847.48,2872.87,0.011841155234656897,0.0028986528132429403,1.011841155234657
2018-01-29,2867.23,2853.53,-0.006731944014173874,-0.0019631936008242187,0.9932680559858261
2018-01-30,2832.74,2822.43,-0.010898781509218525,-0.007285712783815281,0.9891012184907815
2018-01-31,2832.41,2823.81,0.0004889403811609849,0.0035359601478158957,1.000488940381161
2018-02-01,2816.45,2821.98,-0.0006480605989779287,-0.0026064076549060055,0.9993519394010221
2018-02-02,2808.92,2762.13,-0.021208513171602883,-0.00462795625766304,0.9787914868283971
2018-02-05,2741.06,2648.94,-0.040979244278871785,-0.00762817101295021,0.9590207557211282
2018-02-06,2614.78,2695.14,0.017440938639606607,-0.01289572432746678,1.0174409386396066
2018-02-07,2690.95,2681.66,-0.0050015954644285765,-0.0015546502222519255,0.9949984045355714
2018-02-08,2685.01,2581.0,-0.037536451302551344,0.0012492262255469986,0.9624635486974487
2018-02-09,2601.78,2619.55,0.014936071290197583,0.008051142967842,1.0149360712901976
2018-02-12,2636.75,2656.0,0.013914603653299107,0.00656601324654991,1.013914603653299
2018-02-13,2646.27,2662.94,0.0026129518072288693,-0.0036634036144578383,1.0026129518072289
2018-02-14,2651.21,2698.63,0.013402479965752168,-0.004404905855933674,1.0134024799657522
2018-02-15,2713.46,2731.2,0.0120690869070601,0.005495380989613221,1.01206908690706
2018-02-16,2727.14,2732.22,0.0003734622144111466,-0.0014865260691271037,1.0003734622144111
2018-02-20,2722.99,2716.26,-0.005841403693699454,-0.0033782052689754188,0.9941585963063005
2018-02-21,2720.53,2701.33,-0.00549652831466807,0.0015720144610604219,0.9945034716853319
2018-02-22,2710.42,2703.96,0.0009735944886408721,0.003365009088115908,1.0009735944886409
2018-02-23,2715.8,2747.3,0.016028343614550522,0.0043787629994527085,1.0160283436145505
2018-02-26,2757.37,2779.6,0.011756997779638123,0.0036654169548282706,1.0117569977796381
2018-02-27,2780.45,2744.28,-0.012706864297021059,0.000305799395596456,0.9872931357029789
2018-02-28,2753.78,2713.83,-0.011095806550352139,0.00346174588598831,0.9889041934496479
2018-03-01,2715.22,2677.67,-0.013324342350110263,0.0005121912573742175,0.9866756576498897
2018-03-02,2658.89,2691.25,0.005071573420174946,-0.0070135602968253,1.005071573420175
2018-03-05,2681.06,2720.94,0.011032048304691067,-0.003786344635392496,1.011032048304691
2018-03-06,2730.18,2728.12,0.0026387939462098053,0.003395885245540064,1.0026387939462098
2018-03-07,2710.18,2726.8,-0.00048384968403136774,-0.006575957069337147,0.9995161503159686
2018-03-08,2732.75,2738.97,0.00446310693853591,0.0021820448877804817,1.004463106938536
2018-03-09,2752.91,2786.57,0.017378795678667736,0.005089504448752654,1.0173787956786677
2018-03-12,2790.54,2783.02,-0.001273967637633433,0.0014246905694096324,0.9987260323623666
2018-03-13,2792.31,2765.31,-0.00636359063175973,0.0033381003370439176,0.9936364093682403
2018-03-14,2774.06,2749.48,-0.005724493818052956,0.00316420220517772,0.994275506181947
2018-03-15,2754.27,2747.33,-0.0007819660444884358,0.0017421476060927752,0.9992180339555116
2018-03-16,2750.57,2752.01,0.0017034720983646334,0.0011793268373294205,1.0017034720983646
2018-03-19,2741.38,2712.92,-0.014204163502312905,-0.0038626313131130004,0.9857958364976871
2018-03-20,2715.05,2716.94,0.001481798210046792,0.0007851318874128648,1.0014817982100468
2018-03-21,2714.99,2711.93,-0.001843986249236318,-0.0007177191988046379,0.9981560137507637
2018-03-22,2691.36,2643.69,-0.02516289137256489,-0.007585004037714731,0.9748371086274351
2018-03-23,2646.71,2588.26,-0.020966906104724736,0.00114234271037829,0.9790330938952753
2018-03-26,2619.35,2658.55,0.0271572407717926,0.012011930795205926,1.0271572407717926
2018-03-27,2667.57,2612.62,-0.017276334844182117,0.0033928269169283937,0.9827236651558179
2018-03-28,2611.3,2605.0,-0.0029166124426820428,-0.0005052399507007177,0.997083387557318
2018-03-29,2614.41,2640.87,0.01376967370441462,0.003612284069097833,1.0137696737044146
2018-04-02,2633.45,2581.88,-0.02233733580221664,-0.002809680143286142,0.9776626641977834
2018-04-03,2592.17,2614.45,0.01261483879963432,0.0039854679535841955,1.0126148387996343
2018-04-04,2584.04,2644.69,0.011566486259060316,-0.011631509495304886,1.0115664862590603
2018-04-05,2657.36,2662.84,0.00686280811739759,0.004790731616938118,1.0068628081173976
2018-04-06,2645.82,2604.47,-0.02192020549488527,-0.006391672049390869,0.9780797945051147
2018-04-09,2617.18,2613.16,0.003336571356168383,0.004880071569263626,1.0033365713561684
2018-04-10,2638.41,2656.87,0.01672687474169199,0.009662630684688272,1.016726874741692
2018-04-11,2643.89,2642.19,-0.005525298565605352,-0.004885447914275075,0.9944747014343946
2018-04-12,2653.83,2663.99,0.008250731400845313,0.004405436399350491,1.0082507314008453
2018-04-13,2676.9,2656.3,-0.0028866474724003055,0.004846114287215909,0.9971133525275997
2018-04-16,2670.1,2677.84,0.008109023830139561,0.005195196325716119,1.0081090238301396
2018-04-17,2692.74,2706.39,0.01066157798822931,0.005564186060406759,1.0106615779882293
2018-04-18,2710.11,2708.64,0.0008313657676830566,0.001374524735902902,1.000831365767683
2018-04-19,2701.16,2693.13,-0.005726120857699746,-0.002761533463287856,0.9942738791423003
2018-04-20,2692.56,2670.14,-0.008536535555283331,-0.00021164964186658783,0.9914634644447167
2018-04-23,2675.4,2670.29,5.617682967939963e-05,0.001969934160755698,1.0000561768296794
2018-04-24,2680.8,2634.56,-0.01338056915166519,0.0039359020930311754,0.9866194308483348
2018-04-25,2634.92,2639.4,0.0018371189116968,0.000136645208308077,1.0018371189116968
2018-04-26,2651.65,2666.94,0.01043418958854292,0.004641206334773054,1.010434189588543
2018-04-27,2675.47,2669.91,0.0011136358523251566,0.003198422161728327,1.0011136358523252
2018-04-30,2682.51,2648.05,-0.008187541902161422,0.004719260199782152,0.9918124580978386
2018-05-01,2642.96,2654.8,0.0025490455240648746,-0.0019221691433319405,1.0025490455240649
2018-05-02,2654.24,2635.67,-0.007205815880669042,-0.00021093867711330426,0.992794184119331
2018-05-03,2628.08,2629.73,-0.0022536964035709817,-0.002879723182340788,0.997746303596429
2018-05-04,2621.45,2663.42,0.012811201149927953,-0.0031486122149422943,1.012811201149928
2018-05-07,2680.34,2672.63,0.003457960066380883,0.006352734454198013,1.0034579600663809
2018-05-08,2670.26,2671.92,-0.0002656559269333947,-0.0008867669673691798,0.9997343440730666
2018-05-09,2678.12,2697.79,0.009682176113057217,0.0023204287553518885,1.0096821761130572
2018-05-10,2705.02,2723.07,0.009370632999603501,0.002679971383984676,1.0093706329996035
2018-05-11,2722.7,2727.72,0.0017076314600799058,-0.00013587605166240515,1.00170763146008
2018-05-14,2738.47,2730.13,0.0008835217690965624,0.003941020339331016,1.0008835217690966
2018-05-15,2718.59,2711.45,-0.006842165025108815,-0.0042269049459183125,0.9931578349748912
2018-05-16,2712.62,2722.46,0.004060558004020054,0.00043150343911931726,1.00406055800402
2018-05-17,2719.71,2720.13,-0.000855843612027285,-0.0010101158511052503,0.9991441563879727
2018-05-18,2717.35,2712.97,-0.002632227136203147,-0.0010220099774643858,0.9973677728637969
2018-05-21,2735.39,2733.01,0.007386738519040259,0.008264005868107674,1.0073867385190403
2018-05-22,2738.34,2724.44,-0.0031357367883761977,0.0019502306980215686,0.9968642632116238
2018-05-23,2713.98,2733.29,0.003248373977771557,-0.0038393211081910543,1.0032483739777716
2018-05-24,2730.94,2727.76,-0.002023202806873625,-0.0008597697280566311,0.9979767971931264
2018-05-25,2723.6,2721.33,-0.002357245505469785,-0.001525060855793878,0.9976427544945302
2018-05-29,2705.11,2689.86,-0.011564198388288038,-0.005960320872514469,0.988435801611712
2018-05-30,2702.43,2724.01,0.01269582803565994,0.004673105663491672,1.01269582803566
2018-05-31,2720.98,2705.27,-0.006879563584568427,-0.0011123307183160853,0.9931204364154316
2018-06-01,2718.7,2734.62,0.01084919435028664,0.004964384331323615,1.0108491943502866
2018-06-04,2741.67,2746.87,0.0044795986279628774,0.0025780547205828167,1.0044795986279629
2018-06-05,2748.46,2748.8,0.0007026178887243884,0.000578840644078586,1.0007026178887244
2018-06-06,2753.25,2772.35,0.00856737485448189,0.0016188882421419592,1.008567374854482
2018-06-07,2774.84,2770.37,-0.0007141955380813858,0.0008981549948600416,0.9992858044619186
2018-06-08,2765.84,2779.03,0.0031259362467830343,-0.0016351606464117593,1.003125936246783
2018-06-11,2780.18,2782.0,0.0010687182218256375,0.0004138134528953038,1.0010687182218256
2018-06-12,2785.6,2786.85,0.0017433501078361058,0.0012940330697339716,1.001743350107836
2018-06-13,2787.94,2775.63,-0.004026050917702695,0.00039112259360932433,0.9959739490822973
2018-06-14,2783.21,2782.49,0.002471510972283708,0.0027309115408033226,1.0024715109722837
2018-06-15,2777.78,2779.66,-0.0010170746345898873,-0.0016927284554480275,0.9989829253654101
2018-06-18,2765.79,2773.75,-0.0021261593144484836,-0.0049898188987141925,0.9978738406855515
2018-06-19,2752.01,2762.59,-0.004023433979269853,-0.007837764758900327,0.9959765660207301
2018-06-20,2769.73,2767.32,0.0017121614137458607,0.0025845311826944543,1.0017121614137459
2018-06-21,2769.28,2749.76,-0.006345489498865264,0.0007082664816501294,0.9936545105011347
2018-06-22,2760.79,2754.88,0.0018619806819504259,0.004011259164436076,1.0018619806819504
2018-06-25,2742.94,2717.07,-0.013724735741665661,-0.0043341270763155035,0.9862752642583343
2018-06-26,2722.12,2723.06,0.0022045806696182613,0.0018586197632007003,1.0022045806696183
2018-06-27,2728.45,2699.63,-0.008604290761129008,0.001979390832372358,0.991395709238871
2018-06-28,2698.69,2716.31,0.006178624478169192,-0.0003481958638776627,1.0061786244781692
2018-06-29,2727.13,2718.37,0.0007583817752760957,0.003983345052663416,1.000758381775276
2018-07-02,2704.95,2726.71,0.0030680150237090142,-0.004936781968606214,1.003068015023709
2018-07-03,2733.27,2713.22,-0.00494735413740377,0.0024058297362022163,0.9950526458625962
2018-07-05,2724.19,2736.61,0.00862075320099387,0.004043166422184804,1.0086207532009939
2018-07-06,2737.68,2759.82,0.008481296202235589,0.0003909946978194587,1.0084812962022356
2018-07-09,2775.62,2784.17,0.008823039183714743,0.005725011051445285,1.0088230391837147
2018-07-10,2788.56,2793.84,0.0034732074550045677,0.001576771533347415,1.0034732074550046
2018-07-11,2779.82,2774.02,-0.007094178621538827,-0.0050181828594336045,0.9929058213784612
2018-07-12,2783.14,2798.29,0.008749035695488905,0.003287647529577974,1.008749035695489
2018-07-13,2796.93,2801.31,0.0010792305300737493,-0.00048601109963589454,1.0010792305300737
2018-07-16,2797.36,2798.43,-0.001028090429120665,-0.0014100545816063978,0.9989719095708793
2018-07-17,2789.34,2809.55,0.00397365665748306,-0.0032482499115574414,1.003973656657483
2018-07-18,2811.35,2815.62,0.0021604883344306103,0.0006406719937355544,1.0021604883344306
2018-07-19,2809.37,2804.49,-0.003952948196134454,-0.0022197597687187904,0.9960470518038655
2018-07-20,2804.55,2801.83,-0.0009484790461010695,2.1394264197911272e-05,0.9990515209538989
2018-07-23,2799.17,2806.98,0.00183808439484201,-0.0009493795126755922,1.001838084394842
2018-07-24,2820.68,2820.4,0.004780938945058377,0.00488069027923242,1.0047809389450584
2018-07-25,2817.73,2846.07,0.009101545880016992,-0.0009466742306056136,1.009101545880017
2018-07-26,2835.49,2837.44,-0.003032251490652005,-0.0037174068100926474,0.996967748509348
2018-07-27,2842.35,2818.82,-0.006562253298748155,0.0017304330664260229,0.9934377467012518
2018-07-30,2819.0,2802.6,-0.005754180827438504,6.385650733279751e-05,0.9942458191725615
2018-07-31,2809.73,2816.29,0.00488474987511589,0.002544066224220406,1.004884749875116
2018-08-01,2821.17,2813.36,-0.0010403758135703045,0.001732776099052338,0.9989596241864297
2018-08-02,2800.48,2827.22,0.004926493587738445,-0.004578155657292387,1.0049264935877384
2018-08-03,2829.62,2840.35,0.0046441380578801095,0.0008488904294678487,1.00464413805788
2018-08-06,2840.29,2850.4,0.0035382963367192044,-2.1124157234124466e-05,1.0035382963367192
2018-08-07,2855.92,2858.45,0.002824165029469361,0.0019365703059219695,1.0028241650294694
2018-08-08,2856.79,2857.7,-0.00026237996116773576,-0.0005807343140512706,0.9997376200388323
2018-08-09,2857.19,2853.58,-0.001441718864821362,-0.00017846519928605645,0.9985582811351786
2018-08-10,2838.9,2833.28,-0.0071138709971333425,-0.0051444150856117,0.9928861290028667
2018-08-13,2835.46,2821.93,-0.004005957759204981,0.0007694262480234344,0.995994042240795
2018-08-14,2827.88,2839.96,0.00638924424064391,0.002108486036152659,1.006389244240644
2018-08-15,2827.95,2818.37,-0.00760221974957398,-0.004228932801870526,0.992397780250426
2018-08-16,2831.44,2840.69,0.007919471183698512,0.004637432274683652,1.0079194711836985
2018-08-17,2838.32,2850.13,0.0033231362802699227,-0.0008343043415507819,1.00332313628027
2018-08-20,2853.93,2857.05,0.002427959426412052,0.0013332725173938477,1.002427959426412
2018-08-21,2861.51,2862.96,0.0020685672284348477,0.0015610507341488726,1.0020685672284348
2018-08-22,2860.99,2861.82,-0.0003981892866123937,-0.0006880990303742471,0.9996018107133876
2018-08-23,2860.29,2856.98,-0.001691231454109654,-0.0005346248191710869,0.9983087685458903
2018-08-24,2862.35,2874.69,0.0061988533346399866,0.0018796071376068054,1.00619885333464
2018-08-27,2884.69,2896.74,0.007670392285776817,0.003478635957268436,1.0076703922857768
2018-08-28,2901.45,2897.52,0.0002692682118519141,0.0016259657407982893,1.000269268211852
2018-08-29,2900.62,2914.04,0.005701427427593275,0.0010698804494878064,1.0057014274275933
2018-08-30,2908.94,2901.13,-0.004430275493816138,-0.0017501475614610331,0.9955697245061839
2018-08-31,2898.37,2901.52,0.00013443037712890238,-0.0009513534381431436,1.000134430377129
2018-09-04,2896.96,2896.72,-0.001654305329620409,-0.0015715900631393012,0.9983456946703796
2018-09-05,2891.59,2888.6,-0.002803170482476691,-0.001770968543732102,0.9971968295175233
2018-09-06,2888.64,2878.05,-0.0036522883057535926,1.3847538600001253e-05,0.9963477116942464
2018-09-07,2868.26,2871.68,-0.0022133041469051262,-0.003401608728131882,0.9977866958530949
2018-09-10,2881.39,2877.13,0.001897843770893859,0.0033812959661243722,1.0018978437708939
2018-09-11,2871.57,2887.89,0.0037398379635260603,-0.0019324813268778072,1.003739837963526
2018-09-12,2888.29,2888.92,0.00035666178420923345,0.00013850943076089843,1.0003566617842092
2018-09-13,2896.85,2904.18,0.005282250806529776,0.0027449704387798334,1.0052822508065298
2018-09-14,2906.38,2904.98,0.00027546501938591206,0.0007575288033111836,1.000275465019386
2018-09-17,2903.83,2888.8,-0.005569745746958565,-0.0003958719165020382,0.9944302542530414
2018-09-18,2890.74,2904.31,0.005369011354195541,0.0006715591248960121,1.0053690113541955
2018-09-19,2906.6,2907.95,0.00125330973621951,0.000788483323061231,1.0012533097362195
2018-09-20,2919.73,2930.75,0.007840574975498171,0.004050963737340808,1.0078405749754982
2018-09-21,2936.76,2929.67,-0.00036850635502849727,0.002050669623816504,0.9996314936449715
2018-09-24,2921.83,2919.37,-0.0035157543341060027,-0.002676069318387445,0.996484245665894
2018-09-25,2921.75,2915.56,-0.0013050760951849316,0.0008152443849187014,0.9986949239048151
2018-09-26,2916.98,2905.97,-0.00328924803468289,0.0004870419404848718,0.9967107519653171
2018-09-27,2911.65,2914.0,0.0027632769780832067,0.0019545969160040507,1.0027632769780832
2018-09-28,2910.03,2913.98,-6.863417982172493e-06,-0.0013623884694577214,0.9999931365820178
2018-10-01,2926.29,2924.59,0.0036410682297065566,0.004224462762270141,1.0036410682297066
2018-10-02,2923.8,2923.43,-0.00039663679353352244,-0.00027012333352708024,0.9996033632064665
2018-10-03,2931.69,2925.51,0.0007114930065028613,0.0028254481892845797,1.0007114930065029
2018-10-04,2919.35,2901.61,-0.008169515742554312,-0.0021056157729764415,0.9918304842574457
2018-10-05,2902.54,2885.57,-0.005527965508803745,0.00032051171590938694,0.9944720344911963
2018-10-08,2877.53,2884.43,-0.00039506925841348295,-0.0027862779277577614,0.9996049307415865
2018-10-09,2882.51,2880.34,-0.0014179577940874877,-0.0006656427786424417,0.9985820422059125
2018-10-10,2873.9,2785.68,-0.032864175757028824,-0.0022358471569328808,0.9671358242429712
2018-10-11,2776.87,2728.37,-0.020573073719881707,-0.0031626030269090296,0.9794269262801183
2018-10-12,2770.54,2767.13,0.014206284338267983,0.015456114823136186,1.014206284338268
2018-10-15,2763.83,2750.79,-0.005905035180855278,-0.0011925713645546765,0.9940949648191447
2018-10-16,2767.05,2809.92,0.021495643069809,0.005911029195249444,1.021495643069809
2018-10-17,2811.67,2809.21,-0.0002526762327753618,0.0006227935314884409,0.9997473237672246
2018-10-18,2802.0,2768.78,-0.014391946490294405,-0.0025665578579031245,0.9856080535097056
2018-10-19,2775.66,2767.78,-0.00036116990154511086,0.0024848489226300587,0.9996388300984549
2018-10-22,2773.94,2755.88,-0.0042994746692295305,0.0022256104170128603,0.9957005253307705
2018-10-23,2721.03,2740.69,-0.00551185102399232,-0.012645688491516288,0.9944881489760077
2018-10-24,2737.87,2656.1,-0.030864490329077787,-0.001028937968175957,0.9691355096709222
2018-10-25,2674.88,2705.57,0.018625051767629408,0.007070516923308686,1.0186250517676294
2018-10-26,2667.86,2658.69,-0.01732721755489608,-0.013937913267814189,0.9826727824451039
2018-10-29,2682.65,2641.25,-0.006559621467715271,0.009011957016425397,0.9934403785322847
2018-10-30,2640.68,2682.63,0.015666824420255576,-0.00021580690960725554,1.0156668244202556
2018-10-31,2705.6,2711.74,0.010851291456518197,0.008562492777609957,1.0108512914565182
2018-11-01,2717.58,2740.37,0.0105577968389301,0.002153598796344836,1.01055779683893
2018-11-02,2745.45,2723.06,-0.006316665267828814,0.0018537642727076736,0.9936833347321712
2018-11-05,2726.37,2738.31,0.005600317290107348,0.0012155442773937944,1.0056003172901073
2018-11-06,2738.4,2755.45,0.006259335137365651,3.2866987302440385e-05,1.0062593351373657
2018-11-07,2774.13,2813.89,0.02120887695294771,0.0067792919486836245,1.0212088769529477
2018-11-08,2806.38,2806.83,-0.0025089822274502183,-0.002668903190956208,0.9974910177725498
2018-11-09,2794.1,2781.01,-0.009198989607493102,-0.004535365519108752,0.9908010103925069
2018-11-12,2773.93,2726.22,-0.019701475363267495,-0.002545837663295127,0.9802985246367325
2018-11-13,2730.05,2722.18,-0.001481905348797996,0.0014048756153209874,0.998518094651202
2018-11-14,2737.9,2701.58,-0.007567464311691308,0.005774783445620883,0.9924325356883087
2018-11-15,2693.52,2730.2,0.010593800664796094,-0.0029834393206937962,1.010593800664796
2018-11-16,2718.54,2736.27,0.0022232803457622463,-0.004270749395648617,1.0022232803457622
2018-11-19,2730.74,2690.73,-0.016643094431470606,-0.002020999389680185,0.9833569055685294
2018-11-20,2654.6,2641.89,-0.018151208036480848,-0.013427582849263995,0.9818487919635192
2018-11-21,2657.74,2649.93,0.00304327583661701,0.00599949278736053,1.003043275836617
2018-11-23,2633.36,2632.56,-0.006554890129173208,-0.006252995362141532,0.9934451098708268
2018-11-26,2649.97,2673.45,0.015532409517731827,0.006613334548880122,1.0155324095177318
2018-11-27,2663.75,2682.17,0.003261703042884756,-0.0036282705866950266,1.0032617030428848
2018-11-28,2691.45,2743.79,0.02297393528374414,0.0034598850930402415,1.0229739352837441
2018-11-29,2736.97,2737.8,-0.0021831116812874862,-0.002485612966006933,0.9978168883187125
2018-11-30,2737.76,2760.17,0.008170794068229847,-1.4610271020514142e-05,1.0081707940682298
2018-12-03,2790.5,2790.37,0.010941355061463431,0.010988453609741402,1.0109413550614634
2018-12-04,2782.43,2700.06,-0.03236488351007216,-0.002845500775882788,0.9676351164899278
2018-12-06,2663.51,2695.95,-0.0015221883958135285,-0.013536736220676476,0.9984778116041865
2018-12-07,2691.26,2633.08,-0.02332016543333515,-0.0017396465067970846,0.9766798345666649
2018-12-10,2630.86,2637.72,0.001762194844060927,-0.0008431190848739119,1.001762194844061
2018-12-11,2664.44,2636.78,-0.00035636837875119287,0.010129960723655376,0.9996436316212488
2018-12-12,2658.23,2651.07,0.005419488922094429,0.008134922139882666,1.0054194889220944
2018-12-13,2658.7,2650.54,-0.00019991927787654795,0.002878083189051837,0.9998000807221235
2018-12-14,2629.68,2599.95,-0.019086676677205427,-0.007870094395859005,0.9809133233227946
2018-12-17,2590.75,2545.94,-0.020773476413007863,-0.0035385295871073748,0.9792265235869921
2018-12-18,2559.9,2546.16,8.641209140813899e-05,0.005483239982089144,1.0000864120914081
2018-12-19,2547.05,2506.96,-0.015395733182517968,0.0003495459829705625,0.984604266817482
2018-12-20,2496.77,2467.42,-0.015772090500047797,-0.004064683919966834,0.9842279094999522
2018-12-21,2465.38,2416.62,-0.020588306814405377,-0.0008267745256178371,0.9794116931855946
2018-12-24,2400.56,2351.1,-0.02711224768478282,-0.006645645571086867,0.9728877523152172
2018-12-26,2363.12,2467.7,0.049593807154098,0.005112500531666021,1.049593807154098
2018-12-27,2442.5,2488.83,0.008562629168861635,-0.0102119382420877,1.0085626291688616
2018-12-28,2498.77,2485.74,-0.0012415472330372657,0.003993844497213572,0.9987584527669627
2018-12-31,2498.94,2506.85,0.008492440882795549,0.005310289893552936,1.0084924408827955
2019-01-02,2476.96,2510.03,0.0012685242435728217,-0.011923330075592825,1.0012685242435728
2019-01-03,2491.92,2447.89,-0.02475667621502542,-0.00721505320653543,0.9752433237849746
2019-01-04,2474.33,2531.94,0.0343356931888279,0.010801138940066774,1.034335693188828
2019-01-07,2535.61,2549.69,0.00701043468644591,0.0014494814253102652,1.007010434686446
2019-01-08,2568.11,2574.41,0.009695296290921585,0.007224407673089698,1.0096952962909216
2019-01-09,2580.0,2584.96,0.0040980263439003295,0.002171371304493125,1.0040980263439003
2019-01-10,2573.51,2596.64,0.004518445159692908,-0.004429468927952393,1.004518445159693
2019-01-11,2588.11,2596.26,-0.00014634296629478794,-0.0032850144802513037,0.9998536570337052
2019-01-14,2580.31,2582.61,-0.005257562801876614,-0.006143452504756947,0.9947424371981234
2019-01-15,2585.1,2610.3,0.010721711756711327,0.0009641409272014673,1.0107217117567113
2019-01-16,2614.75,2616.1,0.002221966823736654,0.0017047848906255288,1.0022219668237367
2019-01-17,2609.28,2635.96,0.007591452926111408,-0.002606933985703799,1.0075914529261114
2019-01-18,2651.27,2670.71,0.013183052853609212,0.005808130624136916,1.0131830528536092
2019-01-22,2657.88,2632.9,-0.014157284018107563,-0.0048039659865728316,0.9858427159818924
2019-01-23,2643.48,2638.7,0.0022028941471379238,0.004018382771848504,1.002202894147138
2019-01-24,2638.84,2642.33,0.001375677416909804,5.305642930243204e-05,1.0013756774169098
2019-01-25,2657.44,2664.76,0.0084887201825663,0.005718437893828601,1.0084887201825663
2019-01-28,2644.97,2643.85,-0.0078468605052614,-0.0074265599903932875,0.9921531394947386
2019-01-29,2644.89,2640.0,-0.001456209694195909,0.00039336573557499996,0.9985437903058041
2019-01-30,2653.62,2681.05,0.015549242424242493,0.0051590909090908675,1.0155492424242425
2019-01-31,2685.49,2704.1,0.008597377892989533,0.0016560675854607708,1.0085973778929895
2019-02-01,2702.32,2706.53,0.000898635405495396,-0.0006582596797454774,1.0008986354054954
2019-02-04,2706.49,2724.87,0.006776204217207926,-1.4779071357205855e-05,1.006776204217208
2019-02-05,2728.34,2737.7,0.004708481505539597,0.0012734552474063918,1.0047084815055396
2019-02-06,2735.05,2731.61,-0.002224495014062744,-0.0009679658107168924,0.9977755049859373
2019-02-07,2717.53,2706.05,-0.009357119061652264,-0.005154469342256005,0.9906428809383477
2019-02-08,2692.36,2707.88,0.0006762624489569102,-0.005059034385913067,1.000676262448957
2019-02-11,2712.4,2709.8,0.0007090417596054,0.0016692024757374705,1.0007090417596054
2019-02-12,2722.61,2744.73,0.012890250202966858,0.004727286146579063,1.0128902502029669
2019-02-13,2750.3,2753.03,0.003023976857468691,0.00202934350555434,1.0030239768574687
2019-02-14,2743.5,2745.73,-0.0026516238471793185,-0.0034616404470711177,0.9973483761528207
2019-02-15,2760.24,2775.6,0.010878709851296353,0.005284569130977832,1.0108787098512964
2019-02-19,2769.28,2779.76,0.0014987750396311394,-0.0022769851563624833,1.0014987750396311
2019-02-20,2779.05,2784.7,0.0017771318387196366,-0.0002554177339050984,1.0017771318387196
2019-02-21,2780.24,2774.88,-0.003526412180845262,-0.0016016087908931075,0.9964735878191547
2019-02-22,2780.67,2792.67,0.006411088047050706,0.002086576716830985,1.0064110880470507
2019-02-25,2804.35,2796.11,0.0012317960947767492,0.004182377438078913,1.0012317960947767
2019-02-26,2792.36,2793.9,-0.0007903837831845228,-0.0013411489533673568,0.9992096162168155
2019-02-27,2787.5,2792.38,-0.0005440423780378456,-0.0022907047496331617,0.9994559576219622
2019-02-28,2788.11,2784.49,-0.0028255466662847617,-0.001529161503806782,0.9971744533337152
2019-03-01,2798.22,2803.69,0.0068953381050032014,0.00493088500946314,1.0068953381050032
2019-03-04,2814.37,2792.81,-0.0038806002090102654,0.0038092656463445803,0.9961193997909897
2019-03-05,2794.41,2789.65,-0.0011314768996100177,0.0005728996960050663,0.99886852310039
2019-03-06,2790.27,2771.45,-0.0065241159285216455,0.00022225010305948446,0.9934758840714784
2019-03-07,2766.53,2748.93,-0.008125710368218741,-0.001775244005845178,0.9918742896317813
2019-03-08,2730.79,2743.07,-0.0021317385309919112,-0.006598931220511208,0.9978682614690081
2019-03-11,2747.61,2783.3,0.014666049353461608,0.0016550798922375161,1.0146660493534616
2019-03-12,2787.34,2791.52,0.0029533287823806376,0.0014515143893938719,1.0029533287823806
2019-03-13,2799.78,2810.92,0.006949618845646821,0.002958961426033207,1.0069496188456468
2019-03-14,2810.38,2808.48,-0.0008680432029370966,-0.0001921079219614801,0.9991319567970629
2019-03-15,2810.79,2822.48,0.004984902865607044,0.0008225089728251387,1.004984902865607
2019-03-18,2822.61,2832.94,0.0037059607153993035,4.605878518186458e-05,1.0037059607153993
2019-03-19,2840.76,2832.57,-0.0001306063665308388,0.002760383206139263,0.9998693936334692
2019-03-20,2831.34,2824.23,-0.0029443226469249018,-0.0004342346349781358,0.9970556773530751
2019-03-21,2819.72,2854.88,0.010852515552911779,-0.0015968954369864417,1.0108525155529118
2019-03-22,2844.52,2800.71,-0.018974527826038257,-0.003628874068262108,0.9810254721739617
2019-03-25,2796.01,2798.36,-0.0008390729493592541,-0.0016781458987184742,0.9991609270506407
2019-03-26,2812.66,2818.46,0.007182778484540853,0.0051101359367628635,1.0071827784845409
2019-03-27,2819.72,2805.37,-0.004644380264399728,0.00044705264577101097,0.9953556197356003
2019-03-28,2809.4,2815.44,0.0035895443381801506,0.0014365306537106337,1.0035895443381802
2019-03-29,2828.27,2834.4,0.006734293751598397,0.0045570141789560165,1.0067342937515984
2019-04-01,2848.63,2867.19,0.01156858594411525,0.005020462884561113,1.0115685859441153
2019-04-02,2868.24,2867.24,1.7438676892522764e-05,0.00036621221474674755,1.0000174386768925
2019-04-03,2876.09,2873.4,0.0021484075277968806,0.003086591983928923,1.0021484075277969
2019-04-04,2873.99,2879.39,0.0020846384074615365,0.0002053316628383416,1.0020846384074615
2019-04-05,2884.16,2892.74,0.004636398681665099,0.0016566008772691376,1.004636398681665
2019-04-08,2888.46,2895.77,0.0010474498226595852,-0.0014795660861327826,1.0010474498226596
2019-04-09,2886.58,2878.2,-0.0060674708281390766,-0.003173594587967986,0.9939325291718609
2019-04-10,2881.37,2888.21,0.0034778681120144483,0.0011013828086999073,1.0034778681120144
2019-04-11,2891.92,2888.32,3.808587325715429e-05,0.0012845326343998659,1.0000380858732572
2019-04-12,2900.86,2907.41,0.006609378462220095,0.004341624196764889,1.00660937846222
2019-04-15,2908.32,2905.58,-0.0006294261903205811,0.00031299335147100314,0.9993705738096794
2019-04-16,2912.26,2907.06,0.000509364739569973,0.0022990246353568966,1.00050936473957
2019-04-17,2916.04,2900.45,-0.002273774879087531,0.0030890315301369833,0.9977262251209125
2019-04-18,2904.81,2905.03,0.0015790653174507785,0.0015032150183592642,1.0015790653174508
2019-04-22,2898.78,2907.97,0.001012037741434657,-0.002151440776859447,1.0010120377414347
2019-04-23,2909.99,2933.68,0.008841219132246891,0.000694642654497805,1.008841219132247
2019-04-24,2934.0,2927.25,-0.0021917864252406494,0.00010907801805246779,0.9978082135747594
2019-04-25,2928.99,2926.17,-0.00036894696387390624,0.0005944145529079449,0.9996310530361261
2019-04-26,2925.81,2939.88,0.004685305365033532,-0.00012302771199216973,1.0046853053650335
2019-04-29,2940.58,2943.03,0.0010714723049920494,0.000238104956664836,1.001071472304992
2019-04-30,2937.14,2945.83,0.0009514004274504551,-0.002001338756315881,1.0009514004274505
2019-05-01,2952.33,2923.73,-0.007502130129708795,0.0022065088616790513,0.9924978698702912
2019-05-02,2922.16,2917.52,-0.0021239991380873624,-0.0005369852893393589,0.9978760008619126
2019-05-03,2929.21,2945.64,0.00963832295922562,0.004006827716690907,1.0096383229592256
2019-05-06,2908.89,2932.47,-0.004471014787957861,-0.012476066321750112,0.9955289852120421
2019-05-07,2913.03,2884.05,-0.016511677868827124,-0.006629223828376625,0.9834883221311729
2019-05-08,2879.61,2879.42,-0.0016053813214057522,-0.0015395017423415177,0.9983946186785942
2019-05-09,2859.84,2870.72,-0.0030214418181440106,-0.006799980551638846,0.996978558181856
2019-05-10,2863.1,2881.4,0.0037203210344445292,-0.0026543863560360786,1.0037203210344445
2019-05-13,2840.19,2811.87,-0.024130630943291487,-0.014302075380023612,0.9758693690567085
2019-05-14,2820.12,2834.41,0.008016017810211773,0.0029339905472159098,1.0080160178102118
2019-05-15,2820.38,2850.96,0.00583895766667486,-0.0049498837500572416,1.0058389576666749
2019-05-16,2855.8,2876.32,0.008895249319527565,0.0016976737660297392,1.0088952493195276
2019-05-17,2858.6,2859.53,-0.005837319908772343,-0.006160649719085586,0.9941626800912277
2019-05-20,2841.94,2840.23,-0.006749360908960611,-0.006151360538270326,0.9932506390910394
2019-05-21,2854.02,2864.36,0.008495790833841,0.004855240596712225,1.008495790833841
2019-05-22,2856.06,2856.27,-0.002824365652362215,-0.0028976804591602247,0.9971756343476378
2019-05-23,2836.7,2822.24,-0.011914139769699683,-0.00685159316171096,0.9880858602303003
2019-05-24,2832.41,2826.06,0.001353534780883292,0.0036035206077442293,1.0013535347808833
2019-05-28,2830.03,2802.39,-0.008375618352052028,0.0014047826302344094,0.991624381647948
2019-05-29,2790.25,2783.02,-0.0069119572935958384,-0.004332016600116284,0.9930880427064042
2019-05-30,2786.94,2788.86,0.0020984398243635294,0.0014085417999152262,1.0020984398243635
2019-05-31,2766.15,2752.06,-0.013195355808466647,-0.008143112239409663,0.9868046441915334
2019-06-03,2751.53,2744.45,-0.0027652013400870645,-0.0001925830105447357,0.9972347986599129
2019-06-04,2762.64,2803.27,0.021432345278653342,0.006627921805826324,1.0214323452786533
2019-06-05,2818.09,2826.15,0.008161896642135735,0.0052866830522925595,1.0081618966421357
2019-06-06,2828.51,2843.49,0.006135555437609463,0.0008350582948534676,1.0061355554376095
2019-06-07,2852.87,2873.34,0.010497663083042452,0.0032987631396629176,1.0104976630830425
2019-06-10,2885.83,2886.73,0.0046600819951694294,0.004346857663903256,1.0046600819951694
2019-06-11,2903.27,2885.72,-0.00034987685027698667,0.005729666439188966,0.999650123149723
2019-06-12,2882.73,2879.84,-0.002037619727485618,-0.001036136562105742,0.9979623802725144
2019-06-13,2886.24,2891.64,0.004097449858325275,0.002222345685871311,1.0040974498583253
2019-06-14,2886.82,2886.98,-0.0016115422390061696,-0.001666874161375451,0.9983884577609938
2019-06-17,2889.75,2889.67,0.0009317695307899942,0.0009594801488060124,1.00093176953079
2019-06-18,2906.71,2917.75,0.009717372571954597,0.005896867116314307,1.0097173725719546
2019-06-19,2920.55,2926.46,0.002985176934281464,0.0009596435609631332,1.0029851769342815
2019-06-20,2949.6,2954.18,0.009472195075278522,0.007907164287227528,1.0094721950752785
2019-06-21,2952.71,2950.46,-0.0012592326804730103,-0.0004976000108320414,0.998740767319527
2019-06-24,2951.42,2945.35,-0.001731933325650914,0.0003253729926858986,0.9982680666743491
2019-06-25,2945.78,2917.38,-0.009496324715228988,0.00014599283616558,0.990503675284771
2019-06-26,2926.07,2913.78,-0.0012339839170762978,0.002978700066498041,0.9987660160829237
2019-06-27,2919.66,2924.92,0.003823212459416858,0.002017997240697532,1.0038232124594169
2019-06-28,2932.94,2941.76,0.005757422425228809,0.002741955335530538,1.0057574224252288
2019-07-01,2971.41,2964.33,0.007672277820080398,0.01007900032633513,1.0076722778200804
2019-07-02,2964.66,2973.01,0.0029281490252435205,0.00011132363805646715,1.0029281490252435
2019-07-03,2978.08,2995.82,0.007672358989710748,0.0017053423970991382,1.0076723589897107
2019-07-05,2984.25,2990.41,-0.0018058494836139527,-0.003862047786582693,0.998194150516386
2019-07-08,2979.77,2975.95,-0.004835457345313876,-0.0035580405362474954,0.9951645426546861
2019-07-09,2965.52,2979.63,0.0012365799156572876,-0.0035047631848652825,1.0012365799156573
2019-07-10,2989.3,2993.07,0.004510627158405667,0.0032453693915016537,1.0045106271584057
2019-07-11,2999.62,2999.91,0.002285278994477169,0.0021883885107931746,1.0022852789944772
2019-07-12,3003.36,3013.77,0.004620138604158219,0.0011500345010351221,1.0046201386041582
2019-07-15,3017.8,3014.3,0.00017585947169163063,0.001337195605504136,1.0001758594716916
2019-07-16,3012.13,3004.04,-0.0034037753375577573,-0.0007199018014132875,0.9965962246624422
2019-07-17,3005.1,2984.42,-0.006531204644412147,0.0003528581510232705,0.9934687953555879
2019-07-18,2978.87,2995.11,0.0035819355184592006,-0.001859657822960636,1.0035819355184592
2019-07-19,3004.26,2976.61,-0.0061767347442999165,0.003054979616775374,0.9938232652557001
2019-07-22,2981.93,2985.03,0.0028287212634507952,0.001787268066693221,1.0028287212634508
2019-07-23,2994.74,3005.47,0.006847502370160408,0.0032528986308343905,1.0068475023701604
2019-07-24,2998.77,3019.56,0.00468811866363672,-0.0022292686335248124,1.0046881186636367
2019-07-25,3016.26,3003.67,-0.00526235610486292,-0.0010928744585302916,0.9947376438951371
2019-07-26,3013.25,3025.86,0.007387629133693174,0.003189431595348333,1.0073876291336932
2019-07-29,3024.47,3020.97,-0.00161606948107329,-0.0004593735334748889,0.9983839305189267
2019-07-30,3007.66,3013.18,-0.002578641959370631,-0.004405869637897744,0.9974213580406294
2019-07-31,3016.22,2980.38,-0.010885509660889747,0.0010089008953995326,0.9891144903391103
2019-08-01,2980.32,2953.56,-0.008998852495319398,-2.0131661063336027e-05,0.9910011475046806
2019-08-02,2943.9,2932.05,-0.0072827367651240316,-0.003270629342217478,0.992717263234876
2019-08-05,2898.07,2844.74,-0.02977780051499812,-0.01158916116710152,0.9702221994850019
2019-08-06,2861.18,2881.77,0.013017006826634425,0.0057790870167396865,1.0130170068266344
2019-08-07,2858.65,2883.98,0.0007668897934256513,-0.00802284706968283,1.0007668897934257
2019-08-08,2896.21,2938.09,0.01876226603513209,0.0042406674110084044,1.018762266035132
2019-08-09,2930.51,2918.65,-0.006616543400644659,-0.002579907354778079,0.9933834565993553
2019-08-12,2907.07,2882.7,-0.0123173384955374,-0.003967587754612553,0.9876826615044626
2019-08-13,2880.72,2926.32,0.015131647413882954,-0.0006868560724321012,1.015131647413883
2019-08-14,2894.15,2840.6,-0.02929276360753441,-0.010993329506000736,0.9707072363924656
2019-08-15,2846.2,2847.6,0.002464268112370549,0.0019714144898964688,1.0024642681123705
2019-08-16,2864.74,2888.68,0.014426183452732166,0.0060191038067143815,1.0144261834527322
2019-08-19,2913.48,2923.65,0.012105875347909967,0.008585236163230328,1.01210587534791
2019-08-20,2919.01,2900.51,-0.007914764079147596,-0.0015870572742974955,0.9920852359208524
2019-08-21,2922.04,2924.43,0.008246825558263726,0.007422832536346968,1.0082468255582637
2019-08-22,2930.94,2922.95,-0.0005060815269983809,0.0022260748248377356,0.9994939184730016
2019-08-23,2911.07,2847.11,-0.025946389777450785,-0.0040643870062777865,0.9740536102225492
2019-08-26,2866.7,2878.38,0.010983067039910699,0.006880661442655777,1.0109830670399107
2019-08-27,2893.14,2869.16,-0.0032031906836484936,0.005127884434994602,0.9967968093163515
2019-08-28,2861.28,2887.94,0.006545469754213773,-0.002746448437870197,1.0065454697542138
2019-08-29,2910.37,2924.58,0.012687244194824032,0.0077667818583488,1.012687244194824
2019-08-30,2937.09,2926.46,0.0006428273461489553,0.0042775372874054455,1.000642827346149
2019-09-03,2909.01,2906.27,-0.006899120439028739,-0.00596283564443041,0.9931008795609713
2019-09-04,2924.67,2937.78,0.010842075925499017,0.0063311392265687945,1.010842075925499
2019-09-05,2960.6,2976.0,0.013009823744460025,0.007767770221051171,1.01300982374446
2019-09-06,2980.33,2978.71,0.0009106182795699524,0.0014549731182795455,1.00091061827957
2019-09-09,2988.43,2978.43,-9.400042300200528e-05,0.003263157541351726,0.999905999576998
2019-09-10,2971.01,2979.39,0.00032231746255573235,-0.0024912453876705576,1.0003223174625557
2019-09-11,2981.41,3000.93,0.0072296678179091245,0.0006779911324130047,1.0072296678179091
2019-09-12,3009.08,3009.57,0.0028791074766822966,0.00271582476099079,1.0028791074766823
2019-09-13,3012.21,3007.39,-0.0007243559711188619,0.0008772017264924466,0.9992756440288811
2019-09-16,2996.41,2997.96,-0.0031356092824674775,-0.003651006354347131,0.9968643907175325
2019-09-17,2995.67,3005.7,0.002581755593803692,-0.000763852753205501,1.0025817555938037
2019-09-18,3001.5,3006.73,0.0003426822370828919,-0.00139734504441555,1.000342682237083
2019-09-19,3010.36,3006.79,1.9955233758972568e-05,0.0012072916424155508,1.000019955233759
2019-09-20,3008.42,2992.07,-0.004895586322955614,0.0005421063659251591,0.9951044136770444
2019-09-23,2983.5,2991.78,-9.69228661094057e-05,-0.002864237801923138,0.9999030771338906
2019-09-24,3002.43,2966.6,-0.00841639425358831,0.0035597537252069454,0.9915836057464117
2019-09-25,2968.35,2984.87,0.006158565361019441,0.0005899008966493629,1.0061585653610194
2019-09-26,2985.73,2977.62,-0.0024289165022262083,0.0002881197506089469,0.9975710834977738
2019-09-27,2985.47,2961.79,-0.005316326462073695,0.0026363337161894092,0.9946836735379263
2019-09-30,2967.07,2976.74,0.005047623227845355,0.0017827057286303892,1.0050476232278454
2019-10-01,2983.69,2940.25,-0.012258376613342059,0.002334768908268869,0.9877416233866579
2019-10-02,2924.78,2887.61,-0.01790323952044892,-0.005261457359068038,0.9820967604795511
2019-10-03,2885.38,2910.63,0.007971990677411389,-0.0007722649526771337,1.0079719906774114
2019-10-04,2918.56,2952.01,0.014216853396000317,0.0027244960712972228,1.0142168533960003
2019-10-07,2944.23,2938.79,-0.004478304612789308,-0.0026354924271937423,0.9955216953872107
2019-10-08,2920.4,2893.06,-0.015560826054260457,-0.006257677479506829,0.9844391739457395
2019-10-09,2911.1,2919.4,0.009104546742895181,0.006235612120038978,1.0091045467428952
2019-10-10,2918.55,2938.13,0.00641570185654583,-0.00029115571692810475,1.0064157018565458
2019-10-11,2963.07,2970.27,0.010938930544257763,0.008488392276720245,1.0109389305442578
2019-10-14,2965.81,2966.15,-0.001387079289088211,-0.0015015469974110221,0.9986129207109118
2019-10-15,2973.61,2995.68,0.009955666436289423,0.002515044754985431,1.0099556664362894
2019-10-16,2989.68,2989.69,-0.0019995460129251796,-0.00200288415318058,0.9980004539870748
2019-10-17,3000.77,2997.95,0.002762828253096483,0.003706069860085804,1.0027628282530965
2019-10-18,2996.84,2986.2,-0.003919344885671916,-0.00037025300622080845,0.9960806551143281
2019-10-21,2996.48,3006.72,0.006871609403255041,0.003442502176679459,1.006871609403255
2019-10-22,3010.73,2995.99,-0.0035686728395061262,0.0013336792252022864,0.9964313271604939
2019-10-23,2994.01,3004.52,0.002847139009142241,-0.0006608833807855045,1.0028471390091422
2019-10-24,3014.78,3010.29,0.001920439870594981,0.003414854951872585,1.001920439870595
2019-10-25,3003.32,3022.55,0.004072697314876805,-0.002315391540349867,1.0040726973148768
2019-10-28,3032.12,3039.42,0.00558137996062924,0.0031662007245536745,1.0055813799606292
2019-10-29,3035.39,3036.89,-0.0008323956544341593,-0.001325910864572912,0.9991676043455658
2019-10-30,3039.74,3046.77,0.0032533282404039188,0.0009384600693472299,1.003253328240404
2019-10-31,3046.9,3037.56,-0.0030228734036372717,4.266813707634943e-05,0.9969771265963627
2019-11-01,3050.72,3066.91,0.009662360578885698,0.004332424709306106,1.0096623605788857
2019-11-04,3078.96,3078.27,0.00370405391746087,0.003929036065616592,1.0037040539174609
2019-11-05,3080.8,3074.62,-0.001185730946278274,0.0008218902175573293,0.9988142690537217
2019-11-06,3075.1,3076.78,0.0007025258405917167,0.00015611685346482435,1.0007025258405917
2019-11-07,3087.02,3085.18,0.0027301269509030224,0.0033281547591962313,1.002730126950903
2019-11-08,3081.25,3093.08,0.002560628553277322,-0.0012738316727062397,1.0025606285532773
2019-11-11,3080.33,3087.01,-0.001962445200253349,-0.004122104827550532,0.9980375547997467
2019-11-12,3089.28,3091.84,0.001564620781921544,0.000735339373698168,1.0015646207819215
2019-11-13,3084.18,3094.04,0.0007115504036430131,-0.0024774891326848443,1.000711550403643
2019-11-14,3090.75,3096.63,0.0008370932502488326,-0.0010633346692350337,1.0008370932502488
2019-11-15,3107.92,3120.46,0.007695462486638771,0.0036458989288355287,1.0076954624866388
2019-11-18,3117.91,3122.03,0.0005031309486422941,-0.0008171872095781333,1.0005031309486423
2019-11-19,3127.45,3120.18,-0.000592563172038818,0.0017360499418646257,0.9994074368279612
2019-11-20,3114.66,3108.46,-0.0037561935529359936,-0.0017691287041132185,0.996243806447064
2019-11-21,3108.49,3103.54,-0.0015827773238195064,9.651081242719977e-06,0.9984172226761805
2019-11-22,3111.41,3110.29,0.0021749357185665286,0.0025358139414990272,1.0021749357185665
2019-11-25,3117.44,3133.64,0.007507338543994324,0.0022988210102595228,1.0075073385439943
2019-11-26,3134.85,3140.52,0.0021955297992111156,0.0003861324210822036,1.0021955297992111
2019-11-27,3145.49,3153.63,0.00417446792250975,0.0015825404710047382,1.0041744679225098
2019-11-29,3147.18,3140.98,-0.004011250527170329,-0.0020452621265019274,0.9959887494728297
2019-12-02,3143.85,3113.87,-0.008631064190157245,0.0009137275627351625,0.9913689358098428
2019-12-03,3087.41,3093.2,-0.006638042050567283,-0.008497464569811854,0.9933619579494327
2019-12-04,3103.5,3112.76,0.006323548428811776,0.003329884908832336,1.0063235484288118
2019-12-05,3119.21,3117.43,0.001500276282141666,0.002072116064200201,1.0015002762821417
2019-12-06,3134.62,3145.91,0.009135730393304842,0.005514157495116187,1.0091357303933048
2019-12-09,3141.86,3135.96,-0.00316283682622831,-0.0012873858438416,0.9968371631737717
2019-12-10,3135.36,3132.52,-0.0010969527672547441,-0.00019132897103276477,0.9989030472327453
2019-12-11,3135.75,3141.63,0.0029082017034209873,0.001031118715922011,1.002908201703421
2019-12-12,3141.23,3168.57,0.008575166394515055,-0.00012732244089854342,1.008575166394515
2019-12-13,3166.65,3168.8,7.258794976916505e-05,-0.0006059515806815291,1.0000725879497692
2019-12-16,3183.63,3191.45,0.007147816208028068,0.004680005049229969,1.007147816208028
2019-12-17,3195.4,3192.52,0.00033527080167328194,0.001237681931410573,1.0003352708016733
2019-12-18,3195.21,3191.14,-0.000432260408705365,0.0008425945647952259,0.9995677395912946
2019-12-19,3192.32,3205.37,0.004459221469443442,0.0003697738112399616,1.0044592214694434
2019-12-20,3223.33,3221.22,0.0049448269622538454,0.005603097302339523,1.0049448269622538
2019-12-23,3226.05,3224.01,0.0008661314657181229,0.0014994318922645403,1.0008661314657181
2019-12-24,3225.45,3223.38,-0.0001954088231737039,0.0004466487386824482,0.9998045911768263
2019-12-26,3227.2,3239.91,0.005128157399996169,0.0011850914257703741,1.0051281573999962
2019-12-27,3247.23,3240.02,3.395156038288327e-05,0.00225932201820426,1.0000339515603829
2019-12-30,3240.09,3221.29,-0.005780828513404224,2.1604804908662202e-05,0.9942191714865958
2019-12-31,3215.18,3230.78,0.002946024729223451,-0.0018967556475822194,1.0029460247292235
2020-01-02,3244.67,3257.85,0.008378781594537532,0.004299271383381063,1.0083787815945375
2020-01-03,3226.36,3234.85,-0.007059870773669763,-0.009665883941863433,0.9929401292263302
2020-01-06,3217.55,3246.28,0.0035333941295578875,-0.005348006862760168,1.0035333941295579
2020-01-07,3241.86,3237.18,-0.0028032085956850583,-0.0013615584607612628,0.9971967914043149
2020-01-08,3238.59,3253.05,0.0049024150649641385,0.00043556428743545596,1.0049024150649641
2020-01-09,3266.03,3274.7,0.006655292725288531,0.003990101596962855,1.0066552927252885
2020-01-10,3281.81,3265.35,-0.0028552233792408233,0.0021711912541607253,0.9971447766207592
2020-01-13,3271.13,3288.13,0.006976281256220629,0.0017701012142649947,1.0069762812562206
2020-01-14,3285.35,3283.15,-0.0015145386587512855,-0.0008454653556885525,0.9984854613412487
2020-01-15,3282.27,3289.29,0.001870155186330269,-0.0002680352710050132,1.0018701551863303
2020-01-16,3302.97,3316.81,0.00836654718799501,0.004158952235892802,1.008366547187995
2020-01-17,3323.66,3329.62,0.003862144651035182,0.002065237381701065,1.0038621446510352
2020-01-21,3321.03,3320.79,-0.002651954277064661,-0.0025798739796131964,0.9973480457229353
2020-01-22,3330.02,3321.75,0.0002890878375325645,0.0027794591046106554,1.0002890878375326
2020-01-23,3315.77,3325.54,0.0011409648528637462,-0.0018002558892150277,1.0011409648528637
2020-01-24,3333.1,3295.47,-0.009042140524546438,0.00227331501049452,0.9909578594754536
2020-01-27,3247.16,3243.63,-0.015730684849202037,-0.01465951745881466,0.984269315150798
2020-01-28,3255.35,3276.24,0.010053551114029613,0.00361323578829885,1.0100535511140296
2020-01-29,3289.46,3273.4,-0.0008668473616095795,0.004035113422704154,0.9991331526383904
2020-01-30,3256.45,3283.66,0.003134355715769477,-0.005178102278976072,1.0031343557157695
2020-01-31,3282.33,3225.52,-0.017705852615678808,-0.00040503584414949395,0.9822941473843212
2020-02-03,3235.66,3248.92,0.0072546442124061805,0.003143679158709254,1.0072546442124062
2020-02-04,3280.61,3297.59,0.014980362705145023,0.009754010563510352,1.014980362705145
2020-02-05,3324.91,3334.69,0.011250640619361318,0.00828483832131942,1.0112506406193613
2020-02-06,3344.92,3345.78,0.0033256464618900416,0.0030677514251699614,1.00332564646189
2020-02-07,3335.54,3327.71,-0.005400833288500828,-0.0030605718248062443,0.9945991667114992
2020-02-10,3318.28,3352.09,0.007326359568592178,-0.0028337805878516564,1.0073263595685922
2020-02-11,3365.87,3357.75,0.0016884988171557147,0.004110868144948299,1.0016884988171557
2020-02-12,3370.5,3379.45,0.0064626610081155444,0.0037971856153674335,1.0064626610081155
2020-02-13,3365.9,3373.94,-0.0016304428235363044,-0.004009528177661965,0.9983695571764637
2020-02-14,3378.08,3380.16,0.0018435419717006685,0.0012270520519036712,1.0018435419717007
2020-02-18,3369.04,3370.29,-0.0029199801192842934,-0.003289785098930196,0.9970800198807157
2020-02-19,3380.39,3386.15,0.004705826501577137,0.0029967747582551976,1.0047058265015771
2020-02-20,3380.45,3373.23,-0.0038155427255142094,-0.001683327673021063,0.9961844572744858
2020-02-21,3360.5,3337.75,-0.010518108756295885,-0.0037738310165627655,0.9894818912437041
2020-02-24,3257.61,3225.89,-0.0335135944873044,-0.02401018650288364,0.9664864055126956
2020-02-25,3238.94,3128.21,-0.030280015747592093,0.0040453952242637484,0.9697199842524079
2020-02-26,3139.9,3116.39,-0.003778518705585654,0.003736961393256864,0.9962214812944143
2020-02-27,3062.54,2978.76,-0.044163278665378725,-0.01727960877810541,0.9558367213346213
2020-02-28,2916.9,2954.22,-0.008238327357692588,-0.02076703057648153,0.9917616726423074
2020-03-02,2974.28,3090.23,0.04603922524388837,0.006790286437706197,1.0460392252438884
2020-03-03,3096.46,3003.37,-0.028107940185681968,0.002016031169201004,0.971892059814318
2020-03-04,3045.75,3130.12,0.042202592421180185,0.014110815517235675,1.0422025924211802
2020-03-05,3075.7,3023.94,-0.03392202215889484,-0.01738591491700001,0.9660779778411052
2020-03-06,2954.2,2972.37,-0.017053909799797706,-0.02306262690397304,0.9829460902002023
2020-03-09,2863.89,2746.56,-0.07596968075979771,-0.03649612935132572,0.9240303192402023
2020-03-10,2813.48,2882.23,0.04939633578003022,0.024365023884422722,1.0493963357800302
2020-03-11,2825.6,2741.38,-0.048868410917935035,-0.019647980903675318,0.951131589082065
2020-03-12,2630.86,2480.64,-0.09511268047479748,-0.04031546155585872,0.9048873195252025
2020-03-13,2569.99,2711.02,0.0928711945304439,0.036018930598555175,1.092871194530444
2020-03-16,2508.59,2386.13,-0.11984050283657066,-0.07466931265722858,0.8801594971634293
2020-03-17,2425.66,2529.19,0.05995482224354909,0.01656657432746738,1.059954822243549
2020-03-18,2436.5,2398.1,-0.05183082330706679,-0.036648096821512044,0.9481691766929332
2020-03-19,2393.48,2409.39,0.004707893749218206,-0.0019265251657561782,1.0047078937492182
2020-03-20,2431.94,2304.92,-0.043359522534749395,0.009359215403068902,0.9566404774652506
2020-03-23,2290.71,2237.4,-0.02929385835517062,-0.006165072974333182,0.9707061416448294
2020-03-24,2344.44,2447.33,0.09382765710199337,0.047841244301421275,1.0938276571019934
2020-03-25,2457.77,2475.56,0.011535019797084933,0.004265873421238678,1.011535019797085
2020-03-26,2501.29,2630.07,0.06241416083633622,0.010393607910937332,1.0624141608363362
2020-03-27,2555.87,2541.47,-0.0336873163071707,-0.028212176862212893,0.9663126836928293
2020-03-30,2558.98,2626.65,0.03351603599491648,0.006889713433564126,1.0335160359949165
2020-03-31,2614.69,2584.59,-0.0160127919593398,-0.004553328384063364,0.9839872080406602
2020-04-01,2498.08,2470.5,-0.04414239782712159,-0.03347145968993156,0.9558576021728784
2020-04-02,2458.54,2526.9,0.022829386763812964,-0.004841125278283763,1.022829386763813
2020-04-03,2514.92,2488.65,-0.015137124539950086,-0.004740986980094193,0.9848628754600499
2020-04-06,2578.28,2663.68,0.07033130412070787,0.03601551041729456,1.0703313041207079
2020-04-07,2738.65,2659.41,-0.0016030454108602044,0.02814527270543018,0.9983969545891398
2020-04-08,2685.0,2749.98,0.03405642604938697,0.009622435051383632,1.034056426049387
2020-04-09,2776.99,2789.82,0.01448737809002254,0.009821889613742559,1.0144873780900225
2020-04-13,2782.46,2761.63,-0.010104594561656355,-0.0026381630356080775,0.9898954054383436
2020-04-14,2805.1,2846.06,0.030572524197665762,0.015740703859677,1.0305725241976658
2020-04-15,2795.64,2783.36,-0.022030456139364496,-0.017715719275068015,0.9779695438606355
2020-04-16,2799.34,2799.55,0.005816710738100639,0.005741262359163032,1.0058167107381006
2020-04-17,2842.43,2874.56,0.026793591827257934,0.015316747334392903,1.026793591827258
2020-04-20,2845.62,2823.16,-0.017880997439608137,-0.010067627741289121,0.9821190025603919
2020-04-21,2784.81,2736.56,-0.030674846625766805,-0.013584068915683103,0.9693251533742332
2020-04-22,2787.89,2799.31,0.02293024819481393,0.01875712573449876,1.022930248194814
2020-04-23,2810.42,2797.8,-0.000539418642451106,0.003968835177240151,0.9994605813575489
2020-04-24,2812.64,2836.74,0.01391807849024218,0.005304167560225781,1.0139180784902422
2020-04-27,2854.65,2878.48,0.014714073196697708,0.00631358531271823,1.0147140731966977
2020-04-28,2909.96,2863.39,-0.005242350129234907,0.010936327506183825,0.9947576498707651
2020-04-29,2918.46,2939.51,0.026583874358714787,0.019232448251897283,1.0265838743587148
2020-04-30,2930.91,2912.43,-0.009212419757034462,-0.0029256576776402745,0.9907875802429655
2020-05-01,2869.09,2830.71,-0.028059043479156554,-0.01488104435128044,0.9719409565208434
2020-05-04,2815.01,2842.74,0.004249817183674676,-0.005546311702717629,1.0042498171836747
2020-05-05,2868.88,2868.44,0.009040573531170715,0.009195353778397015,1.0090405735311707
2020-05-06,2883.14,2848.42,-0.006979403438802989,0.005124736790729392,0.993020596561197
2020-05-07,2878.26,2881.19,0.011504623615899323,0.010475983176638327,1.0115046236158993
2020-05-08,2908.83,2929.8,0.016871501011734846,0.009593258341171486,1.0168715010117348
2020-05-11,2915.46,2930.19,0.0001331148883882971,-0.004894532049969331,1.0001331148883883
2020-05-12,2939.5,2870.12,-0.020500377108651713,0.00317726836826279,0.9794996228913483
2020-05-13,2865.86,2820.0,-0.017462684487059787,-0.0014842584979024443,0.9825373155129402
2020-05-14,2794.54,2852.5,0.01152482269503552,-0.009028368794326254,1.0115248226950355
2020-05-15,2829.95,2863.7,0.003926380368098004,-0.00790534618755484,1.003926380368098
2020-05-18,2913.86,2953.91,0.03150120473513285,0.017515801236163114,1.0315012047351328
2020-05-19,2948.59,2922.94,-0.010484408800538914,-0.0018010027387427882,0.9895155911994611
2020-05-20,2953.63,2971.61,0.01665104312780974,0.010499702354478729,1.0166510431278097
2020-05-21,2969.95,2948.51,-0.007773563825670182,-0.000558619738121863,0.9922264361743298
2020-05-22,2948.05,2955.45,0.002353731206609311,-0.00015601100216720864,1.0023537312066093
2020-05-26,3004.08,2991.77,0.012289160703107926,0.016454347053748198,1.012289160703108
2020-05-27,3015.65,3036.13,0.014827343010993532,0.007981897004114658,1.0148273430109935
2020-05-28,3046.61,3029.73,-0.0021079466294262605,0.003451762605685533,0.9978920533705737
2020-05-29,3025.17,3044.31,0.004812310007822562,-0.0015050846115000167,1.0048123100078226
2020-06-01,3038.78,3055.73,0.0037512605483673855,-0.0018165035755227771,1.0037512605483674
2020-06-02,3064.78,3080.82,0.00821080396500995,0.002961649098578795,1.00821080396501
2020-06-03,3098.9,3122.87,0.013648963587616247,0.005868567459312756,1.0136489635876162
2020-06-04,3111.56,3112.35,-0.0033686961032639573,-0.003621668529269533,0.996631303896736
2020-06-05,3163.84,3193.93,0.02621170498176606,0.01654376917763113,1.026211704981766
2020-06-08,3199.92,3232.39,0.012041591393674889,0.0018754324609494375,1.0120415913936749
2020-06-09,3213.32,3207.18,-0.007799182648133396,-0.005899659385160736,0.9922008173518666
2020-06-10,3213.42,3190.14,-0.0053130787794885,0.0019456344826296738,0.9946869212205115
2020-06-11,3123.53,3002.1,-0.058944121574601716,-0.020879961381005122,0.9410558784253983
2020-06-12,3071.04,3041.31,0.013060857399820103,0.02296392525232339,1.01306085739982
2020-06-15,2993.76,3066.59,0.008312207568449193,-0.015634710042711768,1.0083122075684492
2020-06-16,3131.0,3124.74,0.018962430582503575,0.021003785964214275,1.0189624305825036
2020-06-17,3136.13,3113.49,-0.0036002995449221364,0.0036451032725923847,0.9963997004550779
2020-06-18,3101.64,3115.34,0.000594188515139038,-0.003806018326700876,1.000594188515139
2020-06-19,3140.29,3097.74,-0.005649463621948292,0.008008756668613962,0.9943505363780517
2020-06-22,3094.42,3117.86,0.006495057687217143,-0.001071749081588419,1.0064950576872171
2020-06-23,3138.7,3131.29,0.004307441642665166,0.006684071767173539,1.0043074416426652
2020-06-24,3114.4,3050.33,-0.025855158736495243,-0.005393943071385874,0.9741448412635048
2020-06-25,3046.6,3083.76,0.01095946995898811,-0.0012228185147180857,1.010959469958988
2020-06-26,3073.2,3009.05,-0.024226917788673585,-0.003424391003191039,0.9757730822113264
2020-06-29,3018.59,3053.24,0.01468569814393228,0.003170435851846916,1.0146856981439323
2020-06-30,3050.2,3100.29,0.015409859690034278,-0.0009956636229054919,1.0154098596900343
2020-07-01,3105.92,3115.86,0.005022110834792981,0.001815959152208377,1.005022110834793
2020-07-02,3143.64,3130.01,0.004541282342595654,0.008915676570834294,1.0045412823425957
2020-07-06,3155.29,3179.72,0.0158817383970018,0.008076651512295406,1.0158817383970018
2020-07-07,3166.44,3145.32,-0.010818562640735552,-0.00417646836828392,0.9891814373592644
2020-07-08,3153.07,3169.94,0.007827502448081614,0.002463978227970445,1.0078275024480816
2020-07-09,3176.17,3152.05,-0.005643639942711776,0.0019653368833479554,0.9943563600572882
2020-07-10,3152.47,3185.04,0.01046620453355751,0.00013324661728069605,1.0104662045335575
2020-07-13,3205.08,3155.22,-0.009362519779971379,0.006291914701228231,0.9906374802200286
2020-07-14,3141.11,3197.52,0.013406355182839835,-0.004471954412053573,1.0134063551828398
2020-07-15,3225.98,3226.56,0.00908203857989931,0.008900648002201719,1.0090820385798993
2020-07-16,3208.36,3215.57,-0.0034061043340275488,-0.005640682336606113,0.9965938956659725
2020-07-17,3224.21,3224.73,0.00284863958800452,0.0026869264236200337,1.0028486395880045
2020-07-20,3224.29,3251.84,0.008406905384326757,-0.00013644553187400327,1.0084069053843268
2020-07-21,3268.52,3257.3,0.0016790493997245193,0.005129403660696663,1.0016790493997245
2020-07-22,3254.86,3276.02,0.005747091149111094,-0.0007490866668713519,1.005747091149111
2020-07-23,3271.64,3235.66,-0.012319827107282633,-0.0013369881746754016,0.9876801728927174
2020-07-24,3218.58,3215.63,-0.0061903908321639944,-0.005278675757032546,0.993809609167836
2020-07-27,3219.84,3239.41,0.007395129414764723,0.0013092302286021825,1.0073951294147647
2020-07-28,3234.27,3218.44,-0.006473401020556158,-0.0015867086907800719,0.9935265989794438
2020-07-29,3227.22,3258.44,0.012428381451883519,0.002728029728688354,1.0124283814518835
2020-07-30,3231.76,3246.22,-0.0037502608610255894,-0.008187967248130958,0.9962497391389744
2020-07-31,3270.45,3271.12,0.007670459796317086,0.007464065898183124,1.007670459796317
2020-08-03,3288.26,3294.61,0.007181026681992719,0.005239795544033948,1.0071810266819927
2020-08-04,3289.92,3306.51,0.0036119601409574376,-0.0014235372320244443,1.0036119601409574
2020-08-05,3317.37,3327.77,0.0064297401187354275,0.0032844298066540467,1.0064297401187354
2020-08-06,3323.17,3349.16,0.006427727877827971,-0.0013823070705006383,1.006427727877828
2020-08-07,3340.05,3351.28,0.0006329945419150107,-0.0027200850362477974,1.000632994541915
2020-08-10,3356.04,3360.47,0.0027422358024395965,0.0014203528204148157,1.0027422358024396
2020-08-11,3370.34,3333.69,-0.007969123366671882,0.00293708915717157,0.9920308766333281
2020-08-12,3355.46,3380.35,0.013996502374245878,0.006530301257765414,1.0139965023742459
2020-08-13,3372.95,3373.43,-0.0020471252976762555,-0.002189122428150958,0.9979528747023237
2020-08-14,3368.66,3372.85,-0.00017193183199293305,-0.0014139911010455182,0.9998280681680071
2020-08-17,3380.86,3381.99,0.0027098744385312123,0.002374846198318994,1.0027098744385312
2020-08-18,3387.04,3389.78,0.0023033775972136628,0.0014932037055107148,1.0023033775972137
2020-08-19,3392.51,3374.85,-0.004404415625792857,0.0008053619998938037,0.9955955843742071
2020-08-20,3360.48,3385.51,0.0031586589033587575,-0.004257967020756446,1.0031586589033588
2020-08-21,3386.01,3397.16,0.0034411358997610275,0.00014768823604124635,1.003441135899761
2020-08-24,3418.09,3431.28,0.01004368354743379,0.006161028623909469,1.0100436835474338
2020-08-25,3435.95,3443.62,0.003596325569466652,0.0013610081369050668,1.0035963255694667
2020-08-26,3449.97,3478.73,0.010195666188487662,0.0018439897549671303,1.0101956661884877
2020-08-27,3485.14,3484.55,0.0016730243508407128,0.0018426264757540407,1.0016730243508407
2020-08-28,3494.69,3508.01,0.006732576659826961,0.00290998837726532,1.006732576659827
2020-08-31,3509.73,3500.31,-0.0021949766391772263,0.0004903064700499143,0.9978050233608228
2020-09-01,3507.44,3526.65,0.00752504778148233,0.0020369624404695894,1.0075250477814823
2020-09-02,3543.76,3580.84,0.015365857116526938,0.004851629733599911,1.015365857116527
2020-09-03,3564.74,3455.06,-0.03512583639592948,-0.0044961517409323965,0.9648741636040705
2020-09-04,3453.6,3426.96,-0.008132999137496877,-0.000422568638460703,0.9918670008625031
2020-09-08,3371.88,3331.84,-0.027756378831384043,-0.01607255410042718,0.972243621168616
2020-09-09,3369.82,3398.96,0.020145024971186976,0.011399106799846336,1.020145024971187
2020-09-10,3412.56,3339.19,-0.017584790641843373,0.004001223903782307,0.9824152093581566
2020-09-11,3352.7,3340.97,0.0005330634075928486,0.004045891368864834,1.0005330634075928
2020-09-14,3363.56,3383.54,0.01274180851668838,0.0067615093820058685,1.0127418085166884
2020-09-15,3407.73,3401.2,0.005219385613883576,0.007149316987533782,1.0052193856138836
2020-09-16,3411.23,3385.49,-0.004618958014818264,0.002948959190873868,0.9953810419851817
2020-09-17,3346.86,3357.01,-0.00841237162124231,-0.011410460524178082,0.9915876283787577
2020-09-18,3357.38,3319.47,-0.01118257020384228,0.00011021712774161853,0.9888174297961577
2020-09-21,3285.57,3281.06,-0.011571124305988612,-0.010212473678026805,0.9884288756940114
2020-09-22,3295.75,3315.57,0.010517942372282096,0.004477211632825994,1.010517942372282
2020-09-23,3320.11,3236.92,-0.02372141140135786,0.0013692969836257304,0.9762785885986421
2020-09-24,3226.14,3246.59,0.002987407782707008,-0.0033303263596258788,1.002987407782707
2020-09-25,3236.66,3298.46,0.015976763311659203,-0.0030585937860956544,1.0159767633116592
2020-09-28,3333.9,3351.6,0.016110548559024496,0.01074440799645897,1.0161105485590245
2020-09-29,3350.92,3335.47,-0.004812626805108078,-0.000202888172812936,0.9951873731948919
2020-09-30,3341.21,3363.0,0.008253709372292528,0.0017208969050839123,1.0082537093722925
2020-10-01,3385.87,3380.8,0.005292893250074426,0.006800475765685368,1.0052928932500744
2020-10-02,3338.94,3348.42,-0.009577614765735931,-0.012381684808329426,0.9904223852342641
2020-10-05,3367.27,3408.6,0.017972655760030154,0.005629520788909369,1.0179726557600302
2020-10-06,3408.74,3360.97,-0.01397347884762079,4.1072581118310355e-05,0.9860265211523792
2020-10-07,3384.56,3419.44,0.017396763434365692,0.007018807070577883,1.0173967634343657
2020-10-08,3434.28,3446.83,0.008010083522448141,0.004339891912126004,1.0080100835224481
2020-10-09,3459.67,3477.14,0.008793587151092463,0.003725161960410042,1.0087935871510925
2020-10-12,3500.02,3534.22,0.016415789988323715,0.006580120443813051,1.0164157899883237
2020-10-13,3534.01,3511.93,-0.006306907889152336,-5.9419051445462265e-05,0.9936930921108477
2020-10-14,3515.47,3488.67,-0.006623138843883547,0.001007992756119844,0.9933768611561165
2020-10-15,3453.72,3483.34,-0.0015278028589691406,-0.010018144450464008,0.9984721971410309
2020-10-16,3493.5,3483.81,0.00013492797142955482,0.0029167408292041126,1.0001349279714296
2020-10-19,3493.66,3426.92,-0.016329822808936134,0.0028273642936899285,0.9836701771910639
2020-10-20,3439.38,3443.12,0.0047272769717412455,0.00363591796715419,1.0047272769717412
2020-10-21,3439.91,3435.56,-0.002195682985199454,-0.000932293965937881,0.9978043170148005
2020-10-22,3438.5,3453.49,0.005218945382994278,0.0008557556846627783,1.0052189453829943
2020-10-23,3464.9,3465.39,0.0034457896215134287,0.0033039041665099103,1.0034457896215134
2020-10-26,3441.42,3400.97,-0.01858953826264864,-0.006916970384285694,0.9814104617373514
2020-10-27,3403.15,3390.68,-0.0030256074002417144,0.0006409935988851095,0.9969743925997583
2020-10-28,3342.48,3271.03,-0.03528790685054317,-0.014215437611334546,0.9647120931494568
2020-10-29,3277.17,3310.11,0.011947307117329942,0.0018770845880349224,1.01194730711733
2020-10-30,3293.59,3269.96,-0.012129506270184387,-0.004990770699463154,0.9878704937298156
2020-11-02,3296.2,3310.24,0.01231819349472163,0.00802456299159616,1.0123181934947216
2020-11-03,3336.25,3369.16,0.017799313644932147,0.00785743631881683,1.0177993136449321
2020-11-04,3406.46,3443.44,0.022047038430944355,0.011071008797445115,1.0220470384309444
2020-11-05,3485.74,3510.45,0.019460190971818836,0.01228422740050639,1.0194601909718188
2020-11-06,3508.34,3509.44,-0.00028771240154390476,-0.0006010625418392721,0.9997122875984561
2020-11-09,3583.04,3550.5,0.011699872344305584,0.020972006929880525,1.0116998723443056
2020-11-10,3543.26,3545.53,-0.001399802844669673,-0.0020391494155752097,0.9986001971553303
2020-11-11,3563.22,3572.66,0.007651888434169196,0.00498938099522486,1.0076518884341692
2020-11-12,3562.67,3537.01,-0.009978559392721298,-0.002796235857876143,0.9900214406072787
2020-11-13,3552.57,3585.15,0.013610365817456005,0.004399195931026473,1.013610365817456
2020-11-16,3600.16,3626.91,0.011648048198820149,0.004186714642344048,1.0116480481988201
2020-11-17,3610.31,3609.53,-0.004791957892531062,-0.004576898792636131,0.9952080421074689
2020-11-18,3612.09,3567.79,-0.01156383241031389,0.0007092336121323124,0.9884361675896861
2020-11-19,3559.41,3581.87,0.003946420613320845,-0.0023487929502577533,1.0039464206133208
2020-11-20,3579.31,3557.54,-0.0067925413261787915,-0.0007147104724626928,0.9932074586738212
2020-11-23,3566.82,3577.59,0.00563591695385024,0.002608544106320716,1.0056359169538502
2020-11-24,3594.52,3635.41,0.016161717804443754,0.004732235946544975,1.0161617178044438
2020-11-25,3635.5,3629.65,-0.0015844155129681736,2.475649239016934e-05,0.9984155844870318
2020-11-27,3638.55,3638.35,0.0023969253233782073,0.002452027054950227,1.0023969253233782
2020-11-30,3634.18,3621.63,-0.0045954897137437944,-0.001146123929803365,0.9954045102862562
2020-12-01,3645.87,3662.45,0.011271167954760575,0.00669311884427724,1.0112711679547606
2020-12-02,3653.78,3669.01,0.0017911507324332998,-0.0023672678125297598,1.0017911507324333
2020-12-03,3668.28,3666.72,-0.0006241465681479097,-0.00019896375316502766,0.9993758534318521
2020-12-04,3670.94,3699.12,0.008836235109307422,0.0011508923506567872,1.0088362351093074
2020-12-07,3694.73,3691.96,-0.0019355954929820562,-0.0011867687449987761,0.9980644045070179
2020-12-08,3683.05,3702.25,0.002787137455443789,-0.0024133522573375264,1.0027871374554438
2020-12-09,3705.98,3672.82,-0.007949220068876994,0.0010074954419609745,0.992050779931123
2020-12-10,3659.13,3668.1,-0.0012851160688518437,-0.0037273811403771635,0.9987148839311482
2020-12-11,3656.08,3663.46,-0.001264960061067022,-0.0032769008478503807,0.998735039938933
2020-12-14,3675.27,3647.49,-0.004359266922526861,0.003223728387917418,0.9956407330774731
2020-12-15,3666.41,3694.62,0.012921214314501217,0.005187128683012174,1.0129212143145012
2020-12-16,3696.25,3701.17,0.0017728480872187813,0.00044118204307888473,1.0017728480872188
2020-12-17,3713.65,3722.48,0.005757638800703457,0.0033719067213881064,1.0057576388007035
2020-12-18,3722.39,3709.41,-0.0035111001267972286,-2.417743010040229e-05,0.9964888998732028
2020-12-21,3684.28,3694.92,-0.003906281591951277,-0.006774662277828456,0.9960937184080487
2020-12-22,3698.08,3687.26,-0.0020731166033364223,0.000855228259339811,0.9979268833966636
2020-12-23,3693.42,3690.01,0.0007458112528002658,0.0016706172062723687,1.0007458112528003
2020-12-24,3694.03,3703.06,0.0035365757816374632,0.0010894279419296916,1.0035365757816375
2020-12-28,3723.03,3735.36,0.008722515973276224,0.005392837275118485,1.0087225159732762
2020-12-29,3750.01,3727.04,-0.0022273622890431888,0.003921978069048255,0.9977726377109568
2020-12-30,3736.19,3732.04,0.0013415471795312772,0.002455031338542138,1.0013415471795313
2020-12-31,3733.27,3756.07,0.00643883774021714,0.0003295784611097465,1.0064388377402171
2021-01-04,3764.61,3700.65,-0.01475478359029514,0.0022736530469346854,0.9852452164097049
2021-01-05,3698.02,3726.86,0.007082539553862066,-0.0007106859605745231,1.007082539553862
2021-01-06,3712.2,3748.14,0.005709900559720538,-0.0039336063066496485,1.0057099005597205
2021-01-07,3764.71,3803.79,0.01484736429268918,0.004420859412935526,1.0148473642926892
2021-01-08,3815.05,3824.68,0.005491890982414871,0.0029602054792720466,1.0054918909824149
2021-01-11,3803.14,3799.61,-0.006554796741165214,-0.005631843709800549,0.9934452032588348
2021-01-12,3801.62,3801.19,0.0004158321511944507,0.0005290016606966935,1.0004158321511945
2021-01-13,3802.23,3809.84,0.0022756031663768717,0.00027359853098633943,1.0022756031663769
2021-01-14,3814.98,3795.54,-0.003753438464607517,0.0013491380215441783,0.9962465615353925
2021-01-15,3788.73,3768.25,-0.00719001775768402,-0.001794211100396767,0.992809982242316
2021-01-19,3781.88,3798.91,0.008136402839514334,0.003617063623698032,1.0081364028395143
2021-01-20,3816.22,3851.85,0.013935576257400273,0.004556570174076234,1.0139355762574003
2021-01-21,3857.46,3853.07,0.0003167309215053038,0.0014564430079053255,1.0003167309215053
2021-01-22,3844.24,3841.47,-0.0030105863636010755,-0.002291679102637736,0.9969894136363989
2021-01-25,3851.68,3855.36,0.003615803325289546,0.0026578367135497707,1.0036158033252895
2021-01-26,3862.96,3849.62,-0.0014888363213811928,0.001971281540504624,0.9985111636786188
2021-01-27,3836.83,3750.77,-0.025677859113367063,-0.0033224058478499084,0.9743221408866329
2021-01-28,3755.75,3787.38,0.009760662477304782,0.0013277273733126847,1.0097606624773048
2021-01-29,3778.05,3714.24,-0.019311502938707092,-0.0024634443863567764,0.9806884970612929
2021-02-01,3731.17,3773.86,0.01605173602136656,0.0045581330231757484,1.0160517360213666
2021-02-02,3791.84,3826.31,0.013898236818535858,0.004764352678689728,1.0138982368185359
2021-02-03,3840.27,3830.17,0.001008804827627774,0.003648423677119741,1.0010088048276278
2021-02-04,3836.66,3871.74,0.01085330416143404,0.0016944417610706005,1.010853304161434
2021-02-05,3878.3,3886.83,0.003897472454245321,0.001694328648101474,1.0038974724542453
2021-02-08,3892.59,3915.59,0.007399345996609075,0.001481927431866127,1.007399345996609
2021-02-09,3910.49,3911.23,-0.0011134975827398197,-0.0013024857045810117,0.9988865024172602
2021-02-10,3920.78,3909.88,-0.0003451599624669788,0.0024416871418965853,0.999654840037533
2021-02-11,3916.4,3916.38,0.0016624551137118804,0.0016675703602156541,1.0016624551137119
2021-02-12,3911.65,3934.83,0.004710983101741784,-0.0012077479713408857,1.0047109831017418
2021-02-16,3939.61,3932.59,-0.0005692749114954987,0.0012147919986378573,0.9994307250885045
2021-02-17,3918.5,3931.33,-0.0003203995331321208,-0.003582880493517032,0.9996796004668679
2021-02-18,3915.86,3913.97,-0.004415808390544673,-0.003935055057703068,0.9955841916094553
2021-02-19,3921.16,3906.71,-0.0018548941356217874,0.0018370094814216908,0.9981451058643782
2021-02-22,3885.55,3876.5,-0.007732849379657014,-0.005416322173900764,0.992267150620343
2021-02-23,3857.07,3881.37,0.0012562878885591378,-0.005012253321294941,1.0012562878885591
2021-02-24,3873.71,3925.43,0.01135166191319037,-0.001973529964935024,1.0113516619131904
2021-02-25,3915.8,3829.34,-0.024478846903396523,-0.0024532344227255753,0.9755211530966035
2021-02-26,3839.66,3811.15,-0.004750165824920272,0.00269498138060337,0.9952498341750797
2021-03-01,3842.51,3901.82,0.023790719336683086,0.008228487464413662,1.023790719336683
2021-03-02,3903.64,3870.29,-0.008080844323930969,0.00046644899047103885,0.991919155676069
2021-03-03,3863.99,3819.72,-0.01306620434127681,-0.001627784998023451,0.9869337956587232
2021-03-04,3818.53,3768.47,-0.013417213827191521,-0.00031154116008492766,0.9865827861728085
2021-03-05,3793.58,3841.94,0.019495975820425837,0.006663181609512648,1.0194959758204258
2021-03-08,3844.39,3821.35,-0.005359271617984662,0.0006376986626547573,0.9946407283820153
2021-03-09,3851.93,3875.44,0.014154683554241432,0.008002407526136032,1.0141546835542414
2021-03-10,3891.99,3898.81,0.006030283013025661,0.004270482835497318,1.0060302830130257
2021-03-11,3915.54,3939.34,0.010395479646353678,0.004291052911016443,1.0103954796463537
2021-03-12,3924.52,3943.34,0.0010153985185334946,-0.003762051511166887,1.0010153985185335
2021-03-15,3942.96,3968.94,0.006491958593476621,-9.63650103719459e-05,1.0064919585934766
2021-03-16,3973.59,3962.71,-0.0015696886322292825,0.0011715974542321353,0.9984303113677707
2021-03-17,3949.57,3974.12,0.0028793426720601367,-0.0033159125951684257,1.0028793426720601
2021-03-18,3953.5,3915.46,-0.014760500437832724,-0.005188570048211904,0.9852394995621673
2021-03-19,3913.14,3913.1,-0.0006027388863633076,-0.0005925229730351385,0.9993972611136367
2021-03-22,3916.48,3940.59,0.0070251207482558975,0.0008637653011678999,1.007025120748256
2021-03-23,3937.6,3910.52,-0.0076308370066411335,-0.0007587696258682675,0.9923691629933589
2021-03-24,3919.93,3889.14,-0.005467303581109473,0.002406329592995268,0.9945326964188905
2021-03-25,3879.34,3909.52,0.00524023305923671,-0.0025198372905063143,1.0052402330592367
2021-03-26,3917.12,3974.54,0.016631197691788335,0.0019439726616054935,1.0166311976917883
2021-03-29,3969.31,3971.09,-0.0008680249789911887,-0.0013158755478621471,0.9991319750210088
2021-03-30,3963.34,3958.55,-0.003157823166939022,-0.0019516052267765274,0.996842176833061
2021-03-31,3967.25,3972.89,0.003622538555784205,0.0021977744376096846,1.0036225385557842
2021-04-01,3992.78,4019.87,0.011825144919693331,0.005006431086690124,1.0118251449196933
2021-04-05,4034.44,4077.91,0.014438277854756487,0.003624495319500423,1.0144382778547565
2021-04-06,4075.57,4073.94,-0.0009735379152555623,-0.0005738233555913914,0.9990264620847444
2021-04-07,4074.29,4079.95,0.0014752303666720756,8.591191819219454e-05,1.001475230366672
2021-04-08,4089.95,4097.17,0.004220639958823158,0.002451010429049376,1.0042206399588232
2021-04-09,4096.11,4128.8,0.007719962803593772,-0.00025871516192894125,1.0077199628035938
2021-04-12,4124.71,4127.99,-0.000196182910288778,-0.0009906025963960824,0.9998038170897112
2021-04-13,4130.1,4141.59,0.00329458162447116,0.0005111446490908608,1.0032945816244712
2021-04-14,4141.58,4124.66,-0.0040878020277237415,-2.414531617136964e-06,0.9959121979722763
2021-04-15,4139.76,4170.42,0.011094247768300924,0.0036609078081588213,1.011094247768301
2021-04-16,4174.14,4185.47,0.0036087492386858155,0.0008919964895622634,1.0036087492386858
